"Item","Mod","Era","Order"
"aeronautics:adjustable_burner","aeronautics","end","7"
"aeronautics:andesite_propeller","aeronautics","end","7"
"aeronautics:aviators_goggles","aeronautics","end","7"
"aeronautics:black_envelope","aeronautics","end","7"
"aeronautics:black_envelope_encased_shaft","aeronautics","end","7"
"aeronautics:blue_envelope","aeronautics","end","7"
"aeronautics:blue_envelope_encased_shaft","aeronautics","end","7"
"aeronautics:brown_envelope","aeronautics","end","7"
"aeronautics:brown_envelope_encased_shaft","aeronautics","end","7"
"aeronautics:cyan_envelope","aeronautics","end","7"
"aeronautics:cyan_envelope_encased_shaft","aeronautics","end","7"
"aeronautics:end_stone_powder","aeronautics","end","7"
"aeronautics:gray_envelope","aeronautics","end","7"
"aeronautics:gray_envelope_encased_shaft","aeronautics","end","7"
"aeronautics:green_envelope","aeronautics","end","7"
"aeronautics:green_envelope_encased_shaft","aeronautics","end","7"
"aeronautics:gyroscopic_propeller_bearing","aeronautics","ascended","8"
"aeronautics:levitite","aeronautics","ascended","8"
"aeronautics:levitite_blend_bucket","aeronautics","ascended","8"
"aeronautics:light_blue_envelope","aeronautics","end","7"
"aeronautics:light_blue_envelope_encased_shaft","aeronautics","end","7"
"aeronautics:light_gray_envelope","aeronautics","end","7"
"aeronautics:light_gray_envelope_encased_shaft","aeronautics","end","7"
"aeronautics:lime_envelope","aeronautics","end","7"
"aeronautics:lime_envelope_encased_shaft","aeronautics","end","7"
"aeronautics:magenta_envelope","aeronautics","end","7"
"aeronautics:magenta_envelope_encased_shaft","aeronautics","end","7"
"aeronautics:mounted_potato_cannon","aeronautics","end","7"
"aeronautics:music_disc_cloud_skipper","aeronautics","end","7"
"aeronautics:orange_envelope","aeronautics","end","7"
"aeronautics:orange_envelope_encased_shaft","aeronautics","end","7"
"aeronautics:pearlescent_levitite","aeronautics","ascended","8"
"aeronautics:pink_envelope","aeronautics","end","7"
"aeronautics:pink_envelope_encased_shaft","aeronautics","end","7"
"aeronautics:propeller_bearing","aeronautics","end","7"
"aeronautics:purple_envelope","aeronautics","end","7"
"aeronautics:purple_envelope_encased_shaft","aeronautics","end","7"
"aeronautics:red_envelope","aeronautics","end","7"
"aeronautics:red_envelope_encased_shaft","aeronautics","end","7"
"aeronautics:smart_propeller","aeronautics","ascended","8"
"aeronautics:steam_vent","aeronautics","end","7"
"aeronautics:white_envelope","aeronautics","end","7"
"aeronautics:white_envelope_encased_shaft","aeronautics","end","7"
"aeronautics:wooden_propeller","aeronautics","end","7"
"aeronautics:yellow_envelope","aeronautics","end","7"
"aeronautics:yellow_envelope_encased_shaft","aeronautics","end","7"
"copperagebackport:copper_button","copperagebackport","copper","2"
"copperagebackport:exposed_copper_button","copperagebackport","copper","2"
"copperagebackport:oxidized_copper_button","copperagebackport","copper","2"
"copperagebackport:waxed_copper_button","copperagebackport","copper","2"
"copperagebackport:waxed_exposed_copper_button","copperagebackport","copper","2"
"copperagebackport:waxed_oxidized_copper_button","copperagebackport","copper","2"
"copperagebackport:waxed_weathered_copper_button","copperagebackport","copper","2"
"copperagebackport:weathered_copper_button","copperagebackport","copper","2"
"create:acacia_window","create","copper","2"
"create:acacia_window_pane","create","copper","2"
"create:adjustable_chain_gearshift","create","copper","2"
"create:analog_lever","create","copper","2"
"create:andesite_alloy","create","copper","2"
"create:andesite_alloy_block","create","copper","2"
"create:andesite_bars","create","copper","2"
"create:andesite_casing","create","copper","2"
"create:andesite_door","create","copper","2"
"create:andesite_encased_cogwheel","create","copper","2"
"create:andesite_encased_large_cogwheel","create","copper","2"
"create:andesite_encased_shaft","create","copper","2"
"create:andesite_funnel","create","copper","2"
"create:andesite_ladder","create","copper","2"
"create:andesite_pillar","create","copper","2"
"create:andesite_scaffolding","create","copper","2"
"create:andesite_table_cloth","create","copper","2"
"create:andesite_tunnel","create","copper","2"
"create:asurine","create","copper","2"
"create:asurine_pillar","create","copper","2"
"create:attribute_filter","create","copper","2"
"create:bamboo_window","create","copper","2"
"create:bamboo_window_pane","create","copper","2"
"create:bar_of_chocolate","create","copper","2"
"create:basin","create","copper","2"
"create:belt_connector","create","iron","4"
"create:birch_window","create","copper","2"
"create:birch_window_pane","create","copper","2"
"create:black_postbox","create","copper","2"
"create:black_seat","create","copper","2"
"create:black_table_cloth","create","copper","2"
"create:black_toolbox","create","copper","2"
"create:black_valve_handle","create","copper","2"
"create:blaze_burner","create","nether","6"
"create:blaze_cake","create","nether","6"
"create:blaze_cake_base","create","nether","6"
"create:blue_postbox","create","copper","2"
"create:blue_seat","create","copper","2"
"create:blue_table_cloth","create","copper","2"
"create:blue_toolbox","create","copper","2"
"create:blue_valve_handle","create","copper","2"
"create:bound_cardboard_block","create","copper","2"
"create:brass_bars","create","nether","6"
"create:brass_block","create","nether","6"
"create:brass_casing","create","nether","6"
"create:brass_door","create","nether","6"
"create:brass_encased_cogwheel","create","nether","6"
"create:brass_encased_large_cogwheel","create","nether","6"
"create:brass_encased_shaft","create","nether","6"
"create:brass_funnel","create","nether","6"
"create:brass_hand","create","nether","6"
"create:brass_ingot","create","nether","6"
"create:brass_ladder","create","nether","6"
"create:brass_nugget","create","nether","6"
"create:brass_scaffolding","create","nether","6"
"create:brass_sheet","create","nether","6"
"create:brass_table_cloth","create","nether","6"
"create:brass_tunnel","create","nether","6"
"create:brown_postbox","create","copper","2"
"create:brown_seat","create","copper","2"
"create:brown_table_cloth","create","copper","2"
"create:brown_toolbox","create","copper","2"
"create:brown_valve_handle","create","copper","2"
"create:builders_tea","create","copper","2"
"create:calcite_pillar","create","copper","2"
"create:cardboard","create","copper","2"
"create:cardboard_block","create","copper","2"
"create:cardboard_boots","create","copper","2"
"create:cardboard_chestplate","create","copper","2"
"create:cardboard_helmet","create","copper","2"
"create:cardboard_leggings","create","copper","2"
"create:cardboard_package_10x12","create","copper","2"
"create:cardboard_package_10x8","create","copper","2"
"create:cardboard_package_12x10","create","copper","2"
"create:cardboard_package_12x12","create","copper","2"
"create:cardboard_sword","create","copper","2"
"create:cart_assembler","create","iron","4"
"create:chain_conveyor","create","copper","2"
"create:cherry_window","create","copper","2"
"create:cherry_window_pane","create","copper","2"
"create:chest_minecart_contraption","create","copper","2"
"create:chocolate_bucket","create","copper","2"
"create:chocolate_glazed_berries","create","copper","2"
"create:chromatic_compound","create","copper","2"
"create:chute","create","copper","2"
"create:cinder_flour","create","copper","2"
"create:clipboard","create","copper","2"
"create:clockwork_bearing","create","copper","2"
"create:clutch","create","iron","4"
"create:cogwheel","create","copper","2"
"create:content_observer","create","copper","2"
"create:contraption_controls","create","copper","2"
"create:controller_rail","create","copper","2"
"create:controls","create","nether","6"
"create:copper_backtank","create","iron","4"
"create:copper_backtank_placeable","create","copper","2"
"create:copper_bars","create","copper","2"
"create:copper_casing","create","copper","2"
"create:copper_diving_boots","create","iron","4"
"create:copper_diving_helmet","create","iron","4"
"create:copper_door","create","copper","2"
"create:copper_ladder","create","copper","2"
"create:copper_nugget","create","copper","2"
"create:copper_scaffolding","create","copper","2"
"create:copper_sheet","create","copper","2"
"create:copper_shingle_slab","create","copper","2"
"create:copper_shingle_stairs","create","copper","2"
"create:copper_shingles","create","copper","2"
"create:copper_table_cloth","create","copper","2"
"create:copper_tile_slab","create","copper","2"
"create:copper_tile_stairs","create","copper","2"
"create:copper_tiles","create","copper","2"
"create:copper_valve_handle","create","copper","2"
"create:copycat_panel","create","copper","2"
"create:copycat_step","create","copper","2"
"create:crafter_slot_cover","create","copper","2"
"create:crafting_blueprint","create","copper","2"
"create:creative_blaze_cake","create","ascended","8"
"create:creative_crate","create","ascended","8"
"create:creative_fluid_tank","create","ascended","8"
"create:creative_motor","create","ascended","8"
"create:crimsite","create","copper","2"
"create:crimsite_pillar","create","copper","2"
"create:crimson_window","create","copper","2"
"create:crimson_window_pane","create","copper","2"
"create:crushed_raw_aluminum","create","copper","2"
"create:crushed_raw_copper","create","copper","2"
"create:crushed_raw_gold","create","copper","2"
"create:crushed_raw_iron","create","copper","2"
"create:crushed_raw_lead","create","copper","2"
"create:crushed_raw_nickel","create","copper","2"
"create:crushed_raw_osmium","create","copper","2"
"create:crushed_raw_platinum","create","copper","2"
"create:crushed_raw_quicksilver","create","copper","2"
"create:crushed_raw_silver","create","copper","2"
"create:crushed_raw_tin","create","copper","2"
"create:crushed_raw_uranium","create","copper","2"
"create:crushed_raw_zinc","create","copper","2"
"create:crushing_wheel","create","nether","6"
"create:cuckoo_clock","create","copper","2"
"create:cut_andesite","create","copper","2"
"create:cut_andesite_brick_slab","create","copper","2"
"create:cut_andesite_brick_stairs","create","copper","2"
"create:cut_andesite_brick_wall","create","copper","2"
"create:cut_andesite_bricks","create","copper","2"
"create:cut_andesite_slab","create","copper","2"
"create:cut_andesite_stairs","create","copper","2"
"create:cut_andesite_wall","create","copper","2"
"create:cut_asurine","create","copper","2"
"create:cut_asurine_brick_slab","create","copper","2"
"create:cut_asurine_brick_stairs","create","copper","2"
"create:cut_asurine_brick_wall","create","copper","2"
"create:cut_asurine_bricks","create","copper","2"
"create:cut_asurine_slab","create","copper","2"
"create:cut_asurine_stairs","create","copper","2"
"create:cut_asurine_wall","create","copper","2"
"create:cut_calcite","create","copper","2"
"create:cut_calcite_brick_slab","create","copper","2"
"create:cut_calcite_brick_stairs","create","copper","2"
"create:cut_calcite_brick_wall","create","copper","2"
"create:cut_calcite_bricks","create","copper","2"
"create:cut_calcite_slab","create","copper","2"
"create:cut_calcite_stairs","create","copper","2"
"create:cut_calcite_wall","create","copper","2"
"create:cut_crimsite","create","copper","2"
"create:cut_crimsite_brick_slab","create","copper","2"
"create:cut_crimsite_brick_stairs","create","copper","2"
"create:cut_crimsite_brick_wall","create","copper","2"
"create:cut_crimsite_bricks","create","copper","2"
"create:cut_crimsite_slab","create","copper","2"
"create:cut_crimsite_stairs","create","copper","2"
"create:cut_crimsite_wall","create","copper","2"
"create:cut_deepslate","create","copper","2"
"create:cut_deepslate_brick_slab","create","copper","2"
"create:cut_deepslate_brick_stairs","create","copper","2"
"create:cut_deepslate_brick_wall","create","copper","2"
"create:cut_deepslate_bricks","create","copper","2"
"create:cut_deepslate_slab","create","copper","2"
"create:cut_deepslate_stairs","create","copper","2"
"create:cut_deepslate_wall","create","copper","2"
"create:cut_diorite","create","copper","2"
"create:cut_diorite_brick_slab","create","copper","2"
"create:cut_diorite_brick_stairs","create","copper","2"
"create:cut_diorite_brick_wall","create","copper","2"
"create:cut_diorite_bricks","create","copper","2"
"create:cut_diorite_slab","create","copper","2"
"create:cut_diorite_stairs","create","copper","2"
"create:cut_diorite_wall","create","copper","2"
"create:cut_dripstone","create","copper","2"
"create:cut_dripstone_brick_slab","create","copper","2"
"create:cut_dripstone_brick_stairs","create","copper","2"
"create:cut_dripstone_brick_wall","create","copper","2"
"create:cut_dripstone_bricks","create","copper","2"
"create:cut_dripstone_slab","create","copper","2"
"create:cut_dripstone_stairs","create","copper","2"
"create:cut_dripstone_wall","create","copper","2"
"create:cut_granite","create","copper","2"
"create:cut_granite_brick_slab","create","copper","2"
"create:cut_granite_brick_stairs","create","copper","2"
"create:cut_granite_brick_wall","create","copper","2"
"create:cut_granite_bricks","create","copper","2"
"create:cut_granite_slab","create","copper","2"
"create:cut_granite_stairs","create","copper","2"
"create:cut_granite_wall","create","copper","2"
"create:cut_limestone","create","copper","2"
"create:cut_limestone_brick_slab","create","copper","2"
"create:cut_limestone_brick_stairs","create","copper","2"
"create:cut_limestone_brick_wall","create","copper","2"
"create:cut_limestone_bricks","create","copper","2"
"create:cut_limestone_slab","create","copper","2"
"create:cut_limestone_stairs","create","copper","2"
"create:cut_limestone_wall","create","copper","2"
"create:cut_ochrum","create","copper","2"
"create:cut_ochrum_brick_slab","create","copper","2"
"create:cut_ochrum_brick_stairs","create","copper","2"
"create:cut_ochrum_brick_wall","create","copper","2"
"create:cut_ochrum_bricks","create","copper","2"
"create:cut_ochrum_slab","create","copper","2"
"create:cut_ochrum_stairs","create","copper","2"
"create:cut_ochrum_wall","create","copper","2"
"create:cut_scorchia","create","copper","2"
"create:cut_scorchia_brick_slab","create","copper","2"
"create:cut_scorchia_brick_stairs","create","copper","2"
"create:cut_scorchia_brick_wall","create","copper","2"
"create:cut_scorchia_bricks","create","copper","2"
"create:cut_scorchia_slab","create","copper","2"
"create:cut_scorchia_stairs","create","copper","2"
"create:cut_scorchia_wall","create","copper","2"
"create:cut_scoria","create","copper","2"
"create:cut_scoria_brick_slab","create","copper","2"
"create:cut_scoria_brick_stairs","create","copper","2"
"create:cut_scoria_brick_wall","create","copper","2"
"create:cut_scoria_bricks","create","copper","2"
"create:cut_scoria_slab","create","copper","2"
"create:cut_scoria_stairs","create","copper","2"
"create:cut_scoria_wall","create","copper","2"
"create:cut_tuff","create","copper","2"
"create:cut_tuff_brick_slab","create","copper","2"
"create:cut_tuff_brick_stairs","create","copper","2"
"create:cut_tuff_brick_wall","create","copper","2"
"create:cut_tuff_bricks","create","copper","2"
"create:cut_tuff_slab","create","copper","2"
"create:cut_tuff_stairs","create","copper","2"
"create:cut_tuff_wall","create","copper","2"
"create:cut_veridium","create","copper","2"
"create:cut_veridium_brick_slab","create","copper","2"
"create:cut_veridium_brick_stairs","create","copper","2"
"create:cut_veridium_brick_wall","create","copper","2"
"create:cut_veridium_bricks","create","copper","2"
"create:cut_veridium_slab","create","copper","2"
"create:cut_veridium_stairs","create","copper","2"
"create:cut_veridium_wall","create","copper","2"
"create:cyan_postbox","create","copper","2"
"create:cyan_seat","create","copper","2"
"create:cyan_table_cloth","create","copper","2"
"create:cyan_toolbox","create","copper","2"
"create:cyan_valve_handle","create","copper","2"
"create:dark_oak_window","create","copper","2"
"create:dark_oak_window_pane","create","copper","2"
"create:deepslate_pillar","create","copper","2"
"create:deepslate_zinc_ore","create","copper","2"
"create:deployer","create","iron","4"
"create:depot","create","copper","2"
"create:desk_bell","create","copper","2"
"create:diorite_pillar","create","copper","2"
"create:display_board","create","nether","6"
"create:display_link","create","nether","6"
"create:dough","create","copper","2"
"create:dripstone_pillar","create","copper","2"
"create:electron_tube","create","copper","2"
"create:elevator_contact","create","copper","2"
"create:elevator_pulley","create","iron","4"
"create:empty_blaze_burner","create","nether","6"
"create:empty_schematic","create","copper","2"
"create:encased_chain_drive","create","copper","2"
"create:encased_fan","create","iron","4"
"create:experience_block","create","copper","2"
"create:experience_nugget","create","copper","2"
"create:exposed_copper_shingle_slab","create","copper","2"
"create:exposed_copper_shingle_stairs","create","copper","2"
"create:exposed_copper_shingles","create","copper","2"
"create:exposed_copper_tile_slab","create","copper","2"
"create:exposed_copper_tile_stairs","create","copper","2"
"create:exposed_copper_tiles","create","copper","2"
"create:extendo_grip","create","nether","6"
"create:factory_gauge","create","copper","2"
"create:filter","create","copper","2"
"create:fluid_pipe","create","iron","4"
"create:fluid_tank","create","iron","4"
"create:fluid_valve","create","iron","4"
"create:flywheel","create","copper","2"
"create:framed_glass","create","copper","2"
"create:framed_glass_door","create","copper","2"
"create:framed_glass_pane","create","copper","2"
"create:framed_glass_trapdoor","create","copper","2"
"create:furnace_minecart_contraption","create","copper","2"
"create:gantry_carriage","create","iron","4"
"create:gantry_shaft","create","iron","4"
"create:gearbox","create","copper","2"
"create:gearshift","create","iron","4"
"create:goggles","create","copper","2"
"create:golden_sheet","create","copper","2"
"create:granite_pillar","create","copper","2"
"create:gray_postbox","create","copper","2"
"create:gray_seat","create","copper","2"
"create:gray_table_cloth","create","copper","2"
"create:gray_toolbox","create","copper","2"
"create:gray_valve_handle","create","copper","2"
"create:green_postbox","create","copper","2"
"create:green_seat","create","copper","2"
"create:green_table_cloth","create","copper","2"
"create:green_toolbox","create","copper","2"
"create:green_valve_handle","create","copper","2"
"create:hand_crank","create","copper","2"
"create:handheld_worldshaper","create","copper","2"
"create:haunted_bell","create","copper","2"
"create:honey_bucket","create","copper","2"
"create:honeyed_apple","create","copper","2"
"create:horizontal_framed_glass","create","copper","2"
"create:horizontal_framed_glass_pane","create","copper","2"
"create:hose_pulley","create","iron","4"
"create:incomplete_precision_mechanism","create","nether","6"
"create:incomplete_track","create","copper","2"
"create:industrial_iron_block","create","copper","2"
"create:industrial_iron_window","create","copper","2"
"create:industrial_iron_window_pane","create","copper","2"
"create:iron_sheet","create","copper","2"
"create:item_drain","create","iron","4"
"create:item_hatch","create","copper","2"
"create:item_vault","create","copper","2"
"create:jungle_window","create","copper","2"
"create:jungle_window_pane","create","copper","2"
"create:large_cogwheel","create","copper","2"
"create:large_water_wheel","create","copper","2"
"create:layered_andesite","create","copper","2"
"create:layered_asurine","create","copper","2"
"create:layered_calcite","create","copper","2"
"create:layered_crimsite","create","copper","2"
"create:layered_deepslate","create","copper","2"
"create:layered_diorite","create","copper","2"
"create:layered_dripstone","create","copper","2"
"create:layered_granite","create","copper","2"
"create:layered_limestone","create","copper","2"
"create:layered_ochrum","create","copper","2"
"create:layered_scorchia","create","copper","2"
"create:layered_scoria","create","copper","2"
"create:layered_tuff","create","copper","2"
"create:layered_veridium","create","copper","2"
"create:light_blue_postbox","create","copper","2"
"create:light_blue_seat","create","copper","2"
"create:light_blue_table_cloth","create","copper","2"
"create:light_blue_toolbox","create","copper","2"
"create:light_blue_valve_handle","create","copper","2"
"create:light_gray_postbox","create","copper","2"
"create:light_gray_seat","create","copper","2"
"create:light_gray_table_cloth","create","copper","2"
"create:light_gray_toolbox","create","copper","2"
"create:light_gray_valve_handle","create","copper","2"
"create:lime_postbox","create","copper","2"
"create:lime_seat","create","copper","2"
"create:lime_table_cloth","create","copper","2"
"create:lime_toolbox","create","copper","2"
"create:lime_valve_handle","create","copper","2"
"create:limestone","create","copper","2"
"create:limestone_pillar","create","copper","2"
"create:linear_chassis","create","copper","2"
"create:linked_controller","create","copper","2"
"create:magenta_postbox","create","copper","2"
"create:magenta_seat","create","copper","2"
"create:magenta_table_cloth","create","copper","2"
"create:magenta_toolbox","create","copper","2"
"create:magenta_valve_handle","create","copper","2"
"create:mangrove_window","create","copper","2"
"create:mangrove_window_pane","create","copper","2"
"create:mechanical_arm","create","nether","6"
"create:mechanical_bearing","create","iron","4"
"create:mechanical_crafter","create","nether","6"
"create:mechanical_drill","create","iron","4"
"create:mechanical_harvester","create","iron","4"
"create:mechanical_mixer","create","iron","4"
"create:mechanical_piston","create","iron","4"
"create:mechanical_plough","create","iron","4"
"create:mechanical_press","create","iron","4"
"create:mechanical_pump","create","iron","4"
"create:mechanical_roller","create","iron","4"
"create:mechanical_saw","create","iron","4"
"create:metal_bracket","create","copper","2"
"create:metal_girder","create","copper","2"
"create:millstone","create","iron","4"
"create:minecart_contraption","create","copper","2"
"create:minecart_coupling","create","copper","2"
"create:mysterious_cuckoo_clock","create","copper","2"
"create:netherite_backtank","create","nether","6"
"create:netherite_backtank_placeable","create","nether","6"
"create:netherite_diving_boots","create","nether","6"
"create:netherite_diving_helmet","create","nether","6"
"create:nixie_tube","create","nether","6"
"create:nozzle","create","copper","2"
"create:oak_window","create","copper","2"
"create:oak_window_pane","create","copper","2"
"create:ochrum","create","copper","2"
"create:ochrum_pillar","create","copper","2"
"create:orange_postbox","create","copper","2"
"create:orange_seat","create","copper","2"
"create:orange_table_cloth","create","copper","2"
"create:orange_toolbox","create","copper","2"
"create:orange_valve_handle","create","copper","2"
"create:ornate_iron_window","create","copper","2"
"create:ornate_iron_window_pane","create","copper","2"
"create:oxidized_copper_shingle_slab","create","copper","2"
"create:oxidized_copper_shingle_stairs","create","copper","2"
"create:oxidized_copper_shingles","create","copper","2"
"create:oxidized_copper_tile_slab","create","copper","2"
"create:oxidized_copper_tile_stairs","create","copper","2"
"create:oxidized_copper_tiles","create","copper","2"
"create:package_filter","create","copper","2"
"create:package_frogport","create","copper","2"
"create:packager","create","copper","2"
"create:peculiar_bell","create","copper","2"
"create:pink_postbox","create","copper","2"
"create:pink_seat","create","copper","2"
"create:pink_table_cloth","create","copper","2"
"create:pink_toolbox","create","copper","2"
"create:pink_valve_handle","create","copper","2"
"create:piston_extension_pole","create","copper","2"
"create:placard","create","copper","2"
"create:polished_cut_andesite","create","copper","2"
"create:polished_cut_andesite_slab","create","copper","2"
"create:polished_cut_andesite_stairs","create","copper","2"
"create:polished_cut_andesite_wall","create","copper","2"
"create:polished_cut_asurine","create","copper","2"
"create:polished_cut_asurine_slab","create","copper","2"
"create:polished_cut_asurine_stairs","create","copper","2"
"create:polished_cut_asurine_wall","create","copper","2"
"create:polished_cut_calcite","create","copper","2"
"create:polished_cut_calcite_slab","create","copper","2"
"create:polished_cut_calcite_stairs","create","copper","2"
"create:polished_cut_calcite_wall","create","copper","2"
"create:polished_cut_crimsite","create","copper","2"
"create:polished_cut_crimsite_slab","create","copper","2"
"create:polished_cut_crimsite_stairs","create","copper","2"
"create:polished_cut_crimsite_wall","create","copper","2"
"create:polished_cut_deepslate","create","copper","2"
"create:polished_cut_deepslate_slab","create","copper","2"
"create:polished_cut_deepslate_stairs","create","copper","2"
"create:polished_cut_deepslate_wall","create","copper","2"
"create:polished_cut_diorite","create","copper","2"
"create:polished_cut_diorite_slab","create","copper","2"
"create:polished_cut_diorite_stairs","create","copper","2"
"create:polished_cut_diorite_wall","create","copper","2"
"create:polished_cut_dripstone","create","copper","2"
"create:polished_cut_dripstone_slab","create","copper","2"
"create:polished_cut_dripstone_stairs","create","copper","2"
"create:polished_cut_dripstone_wall","create","copper","2"
"create:polished_cut_granite","create","copper","2"
"create:polished_cut_granite_slab","create","copper","2"
"create:polished_cut_granite_stairs","create","copper","2"
"create:polished_cut_granite_wall","create","copper","2"
"create:polished_cut_limestone","create","copper","2"
"create:polished_cut_limestone_slab","create","copper","2"
"create:polished_cut_limestone_stairs","create","copper","2"
"create:polished_cut_limestone_wall","create","copper","2"
"create:polished_cut_ochrum","create","copper","2"
"create:polished_cut_ochrum_slab","create","copper","2"
"create:polished_cut_ochrum_stairs","create","copper","2"
"create:polished_cut_ochrum_wall","create","copper","2"
"create:polished_cut_scorchia","create","copper","2"
"create:polished_cut_scorchia_slab","create","copper","2"
"create:polished_cut_scorchia_stairs","create","copper","2"
"create:polished_cut_scorchia_wall","create","copper","2"
"create:polished_cut_scoria","create","copper","2"
"create:polished_cut_scoria_slab","create","copper","2"
"create:polished_cut_scoria_stairs","create","copper","2"
"create:polished_cut_scoria_wall","create","copper","2"
"create:polished_cut_tuff","create","copper","2"
"create:polished_cut_tuff_slab","create","copper","2"
"create:polished_cut_tuff_stairs","create","copper","2"
"create:polished_cut_tuff_wall","create","copper","2"
"create:polished_cut_veridium","create","copper","2"
"create:polished_cut_veridium_slab","create","copper","2"
"create:polished_cut_veridium_stairs","create","copper","2"
"create:polished_cut_veridium_wall","create","copper","2"
"create:polished_rose_quartz","create","copper","2"
"create:portable_fluid_interface","create","iron","4"
"create:portable_storage_interface","create","iron","4"
"create:potato_cannon","create","nether","6"
"create:powdered_obsidian","create","copper","2"
"create:powered_latch","create","copper","2"
"create:powered_toggle_latch","create","copper","2"
"create:precision_mechanism","create","nether","6"
"create:propeller","create","copper","2"
"create:pulp","create","copper","2"
"create:pulse_extender","create","copper","2"
"create:pulse_repeater","create","copper","2"
"create:pulse_timer","create","copper","2"
"create:purple_postbox","create","copper","2"
"create:purple_seat","create","copper","2"
"create:purple_table_cloth","create","copper","2"
"create:purple_toolbox","create","copper","2"
"create:purple_valve_handle","create","copper","2"
"create:radial_chassis","create","copper","2"
"create:railway_casing","create","nether","6"
"create:rare_creeper_package","create","copper","2"
"create:rare_darcy_package","create","copper","2"
"create:rare_evan_package","create","copper","2"
"create:rare_jinx_package","create","copper","2"
"create:rare_kryppers_package","create","copper","2"
"create:rare_simi_package","create","copper","2"
"create:rare_starlotte_package","create","copper","2"
"create:rare_thunder_package","create","copper","2"
"create:rare_up_package","create","copper","2"
"create:rare_vector_package","create","copper","2"
"create:raw_zinc","create","copper","2"
"create:raw_zinc_block","create","copper","2"
"create:red_postbox","create","copper","2"
"create:red_sand_paper","create","copper","2"
"create:red_seat","create","copper","2"
"create:red_table_cloth","create","copper","2"
"create:red_toolbox","create","copper","2"
"create:red_valve_handle","create","copper","2"
"create:redstone_contact","create","copper","2"
"create:redstone_link","create","iron","4"
"create:redstone_requester","create","copper","2"
"create:refined_radiance","create","copper","2"
"create:refined_radiance_casing","create","copper","2"
"create:repackager","create","copper","2"
"create:rope_pulley","create","iron","4"
"create:rose_quartz","create","copper","2"
"create:rose_quartz_block","create","copper","2"
"create:rose_quartz_lamp","create","copper","2"
"create:rose_quartz_tiles","create","copper","2"
"create:rotation_speed_controller","create","nether","6"
"create:sail_frame","create","copper","2"
"create:sand_paper","create","copper","2"
"create:schedule","create","nether","6"
"create:schematic","create","iron","4"
"create:schematic_and_quill","create","iron","4"
"create:schematic_table","create","iron","4"
"create:schematicannon","create","iron","4"
"create:scorchia","create","copper","2"
"create:scorchia_pillar","create","copper","2"
"create:scoria","create","copper","2"
"create:scoria_pillar","create","copper","2"
"create:secondary_linear_chassis","create","copper","2"
"create:sequenced_gearshift","create","nether","6"
"create:shadow_steel","create","copper","2"
"create:shadow_steel_casing","create","copper","2"
"create:shaft","create","copper","2"
"create:shopping_list","create","copper","2"
"create:small_andesite_brick_slab","create","copper","2"
"create:small_andesite_brick_stairs","create","copper","2"
"create:small_andesite_brick_wall","create","copper","2"
"create:small_andesite_bricks","create","copper","2"
"create:small_asurine_brick_slab","create","copper","2"
"create:small_asurine_brick_stairs","create","copper","2"
"create:small_asurine_brick_wall","create","copper","2"
"create:small_asurine_bricks","create","copper","2"
"create:small_calcite_brick_slab","create","copper","2"
"create:small_calcite_brick_stairs","create","copper","2"
"create:small_calcite_brick_wall","create","copper","2"
"create:small_calcite_bricks","create","copper","2"
"create:small_crimsite_brick_slab","create","copper","2"
"create:small_crimsite_brick_stairs","create","copper","2"
"create:small_crimsite_brick_wall","create","copper","2"
"create:small_crimsite_bricks","create","copper","2"
"create:small_deepslate_brick_slab","create","copper","2"
"create:small_deepslate_brick_stairs","create","copper","2"
"create:small_deepslate_brick_wall","create","copper","2"
"create:small_deepslate_bricks","create","copper","2"
"create:small_diorite_brick_slab","create","copper","2"
"create:small_diorite_brick_stairs","create","copper","2"
"create:small_diorite_brick_wall","create","copper","2"
"create:small_diorite_bricks","create","copper","2"
"create:small_dripstone_brick_slab","create","copper","2"
"create:small_dripstone_brick_stairs","create","copper","2"
"create:small_dripstone_brick_wall","create","copper","2"
"create:small_dripstone_bricks","create","copper","2"
"create:small_granite_brick_slab","create","copper","2"
"create:small_granite_brick_stairs","create","copper","2"
"create:small_granite_brick_wall","create","copper","2"
"create:small_granite_bricks","create","copper","2"
"create:small_limestone_brick_slab","create","copper","2"
"create:small_limestone_brick_stairs","create","copper","2"
"create:small_limestone_brick_wall","create","copper","2"
"create:small_limestone_bricks","create","copper","2"
"create:small_ochrum_brick_slab","create","copper","2"
"create:small_ochrum_brick_stairs","create","copper","2"
"create:small_ochrum_brick_wall","create","copper","2"
"create:small_ochrum_bricks","create","copper","2"
"create:small_rose_quartz_tiles","create","copper","2"
"create:small_scorchia_brick_slab","create","copper","2"
"create:small_scorchia_brick_stairs","create","copper","2"
"create:small_scorchia_brick_wall","create","copper","2"
"create:small_scorchia_bricks","create","copper","2"
"create:small_scoria_brick_slab","create","copper","2"
"create:small_scoria_brick_stairs","create","copper","2"
"create:small_scoria_brick_wall","create","copper","2"
"create:small_scoria_bricks","create","copper","2"
"create:small_tuff_brick_slab","create","copper","2"
"create:small_tuff_brick_stairs","create","copper","2"
"create:small_tuff_brick_wall","create","copper","2"
"create:small_tuff_bricks","create","copper","2"
"create:small_veridium_brick_slab","create","copper","2"
"create:small_veridium_brick_stairs","create","copper","2"
"create:small_veridium_brick_wall","create","copper","2"
"create:small_veridium_bricks","create","copper","2"
"create:smart_chute","create","copper","2"
"create:smart_fluid_pipe","create","copper","2"
"create:speedometer","create","copper","2"
"create:spout","create","iron","4"
"create:spruce_window","create","copper","2"
"create:spruce_window_pane","create","copper","2"
"create:steam_engine","create","nether","6"
"create:steam_whistle","create","copper","2"
"create:sticker","create","copper","2"
"create:sticky_mechanical_piston","create","iron","4"
"create:stock_link","create","copper","2"
"create:stock_ticker","create","copper","2"
"create:stockpile_switch","create","copper","2"
"create:stressometer","create","copper","2"
"create:sturdy_sheet","create","nether","6"
"create:super_glue","create","copper","2"
"create:sweet_roll","create","copper","2"
"create:tiled_glass","create","copper","2"
"create:tiled_glass_pane","create","copper","2"
"create:track","create","nether","6"
"create:track_observer","create","nether","6"
"create:track_signal","create","nether","6"
"create:track_station","create","nether","6"
"create:train_door","create","nether","6"
"create:train_trapdoor","create","nether","6"
"create:transmitter","create","copper","2"
"create:tree_fertilizer","create","copper","2"
"create:tuff_pillar","create","copper","2"
"create:turntable","create","copper","2"
"create:unprocessed_obsidian_sheet","create","copper","2"
"create:veridium","create","copper","2"
"create:veridium_pillar","create","copper","2"
"create:vertical_framed_glass","create","copper","2"
"create:vertical_framed_glass_pane","create","copper","2"
"create:vertical_gearbox","create","copper","2"
"create:wand_of_symmetry","create","nether","6"
"create:warped_window","create","copper","2"
"create:warped_window_pane","create","copper","2"
"create:water_wheel","create","copper","2"
"create:waxed_copper_shingle_slab","create","copper","2"
"create:waxed_copper_shingle_stairs","create","copper","2"
"create:waxed_copper_shingles","create","copper","2"
"create:waxed_copper_tile_slab","create","copper","2"
"create:waxed_copper_tile_stairs","create","copper","2"
"create:waxed_copper_tiles","create","copper","2"
"create:waxed_exposed_copper_shingle_slab","create","copper","2"
"create:waxed_exposed_copper_shingle_stairs","create","copper","2"
"create:waxed_exposed_copper_shingles","create","copper","2"
"create:waxed_exposed_copper_tile_slab","create","copper","2"
"create:waxed_exposed_copper_tile_stairs","create","copper","2"
"create:waxed_exposed_copper_tiles","create","copper","2"
"create:waxed_oxidized_copper_shingle_slab","create","copper","2"
"create:waxed_oxidized_copper_shingle_stairs","create","copper","2"
"create:waxed_oxidized_copper_shingles","create","copper","2"
"create:waxed_oxidized_copper_tile_slab","create","copper","2"
"create:waxed_oxidized_copper_tile_stairs","create","copper","2"
"create:waxed_oxidized_copper_tiles","create","copper","2"
"create:waxed_weathered_copper_shingle_slab","create","copper","2"
"create:waxed_weathered_copper_shingle_stairs","create","copper","2"
"create:waxed_weathered_copper_shingles","create","copper","2"
"create:waxed_weathered_copper_tile_slab","create","copper","2"
"create:waxed_weathered_copper_tile_stairs","create","copper","2"
"create:waxed_weathered_copper_tiles","create","copper","2"
"create:weathered_copper_shingle_slab","create","copper","2"
"create:weathered_copper_shingle_stairs","create","copper","2"
"create:weathered_copper_shingles","create","copper","2"
"create:weathered_copper_tile_slab","create","copper","2"
"create:weathered_copper_tile_stairs","create","copper","2"
"create:weathered_copper_tiles","create","copper","2"
"create:weathered_iron_block","create","copper","2"
"create:weathered_iron_window","create","copper","2"
"create:weathered_iron_window_pane","create","copper","2"
"create:weighted_ejector","create","copper","2"
"create:wheat_flour","create","copper","2"
"create:whisk","create","copper","2"
"create:white_postbox","create","copper","2"
"create:white_sail","create","copper","2"
"create:white_seat","create","copper","2"
"create:white_table_cloth","create","copper","2"
"create:white_toolbox","create","copper","2"
"create:white_valve_handle","create","copper","2"
"create:windmill_bearing","create","copper","2"
"create:wooden_bracket","create","copper","2"
"create:wrench","create","copper","2"
"create:yellow_postbox","create","copper","2"
"create:yellow_seat","create","copper","2"
"create:yellow_table_cloth","create","copper","2"
"create:yellow_toolbox","create","copper","2"
"create:yellow_valve_handle","create","copper","2"
"create:zinc_block","create","copper","2"
"create:zinc_ingot","create","copper","2"
"create:zinc_nugget","create","copper","2"
"create:zinc_ore","create","copper","2"
"crittersandcompanions:acorn","crittersandcompanions","wood","0"
"crittersandcompanions:acorn_hat","crittersandcompanions","wood","0"
"crittersandcompanions:clam","crittersandcompanions","wood","0"
"crittersandcompanions:diamond_dragonfly_armor","crittersandcompanions","diamond","5"
"crittersandcompanions:dragonfly_spawn_egg","crittersandcompanions","wood","0"
"crittersandcompanions:dragonfly_wing","crittersandcompanions","wood","0"
"crittersandcompanions:dumbo_octopus_bucket","crittersandcompanions","wood","0"
"crittersandcompanions:dumbo_octopus_spawn_egg","crittersandcompanions","wood","0"
"crittersandcompanions:ferret_spawn_egg","crittersandcompanions","wood","0"
"crittersandcompanions:gold_dragonfly_armor","crittersandcompanions","iron","4"
"crittersandcompanions:grappling_hook","crittersandcompanions","iron","4"
"crittersandcompanions:iron_dragonfly_armor","crittersandcompanions","iron","4"
"crittersandcompanions:jumping_spider_spawn_egg","crittersandcompanions","wood","0"
"crittersandcompanions:koi_fish","crittersandcompanions","wood","0"
"crittersandcompanions:koi_fish_bucket","crittersandcompanions","wood","0"
"crittersandcompanions:koi_fish_spawn_egg","crittersandcompanions","wood","0"
"crittersandcompanions:ladybug_spawn_egg","crittersandcompanions","wood","0"
"crittersandcompanions:leaf_insect_spawn_egg","crittersandcompanions","wood","0"
"crittersandcompanions:netherite_dragonfly_armor","crittersandcompanions","nether","6"
"crittersandcompanions:otter_spawn_egg","crittersandcompanions","wood","0"
"crittersandcompanions:pearl","crittersandcompanions","wood","0"
"crittersandcompanions:pearl_necklace_1","crittersandcompanions","chainmail","3"
"crittersandcompanions:pearl_necklace_2","crittersandcompanions","diamond","5"
"crittersandcompanions:pearl_necklace_3","crittersandcompanions","nether","6"
"crittersandcompanions:red_panda_spawn_egg","crittersandcompanions","wood","0"
"crittersandcompanions:roly_poly_spawn_egg","crittersandcompanions","wood","0"
"crittersandcompanions:sea_bunny_bucket","crittersandcompanions","wood","0"
"crittersandcompanions:sea_bunny_slime_block","crittersandcompanions","wood","0"
"crittersandcompanions:sea_bunny_slime_bottle","crittersandcompanions","wood","0"
"crittersandcompanions:sea_bunny_spawn_egg","crittersandcompanions","wood","0"
"crittersandcompanions:shima_enaga_spawn_egg","crittersandcompanions","wood","0"
"crittersandcompanions:silk","crittersandcompanions","wood","0"
"crittersandcompanions:silk_cocoon","crittersandcompanions","wood","0"
"crittersandcompanions:silk_lead","crittersandcompanions","wood","0"
"crittersandcompanions:snail_slime_bottle","crittersandcompanions","wood","0"
"crittersandcompanions:snail_spawn_egg","crittersandcompanions","wood","0"
"crittersandcompanions:stag_beetle_spawn_egg","crittersandcompanions","wood","0"
"crittersandcompanions:stick_bug_spawn_egg","crittersandcompanions","wood","0"
"crittersandcompanions:weevil_spawn_egg","crittersandcompanions","wood","0"
"farmersdelight:acacia_cabinet","farmersdelight","wood","0"
"farmersdelight:apple_cider","farmersdelight","wood","0"
"farmersdelight:apple_pie","farmersdelight","wood","0"
"farmersdelight:apple_pie_slice","farmersdelight","wood","0"
"farmersdelight:bacon","farmersdelight","wood","0"
"farmersdelight:bacon_and_eggs","farmersdelight","wood","0"
"farmersdelight:bacon_sandwich","farmersdelight","wood","0"
"farmersdelight:baked_cod_stew","farmersdelight","wood","0"
"farmersdelight:bamboo_basket","farmersdelight","wood","0"
"farmersdelight:bamboo_cabinet","farmersdelight","wood","0"
"farmersdelight:barbecue_stick","farmersdelight","wood","0"
"farmersdelight:beef_patty","farmersdelight","wood","0"
"farmersdelight:beef_stew","farmersdelight","wood","0"
"farmersdelight:beetroot_crate","farmersdelight","wood","0"
"farmersdelight:birch_cabinet","farmersdelight","wood","0"
"farmersdelight:black_canvas_sign","farmersdelight","wood","0"
"farmersdelight:black_hanging_canvas_sign","farmersdelight","wood","0"
"farmersdelight:blue_canvas_sign","farmersdelight","wood","0"
"farmersdelight:blue_hanging_canvas_sign","farmersdelight","wood","0"
"farmersdelight:bone_broth","farmersdelight","wood","0"
"farmersdelight:brown_canvas_sign","farmersdelight","wood","0"
"farmersdelight:brown_hanging_canvas_sign","farmersdelight","wood","0"
"farmersdelight:brown_mushroom_colony","farmersdelight","wood","0"
"farmersdelight:cabbage","farmersdelight","wood","0"
"farmersdelight:cabbage_crate","farmersdelight","wood","0"
"farmersdelight:cabbage_leaf","farmersdelight","wood","0"
"farmersdelight:cabbage_rolls","farmersdelight","wood","0"
"farmersdelight:cabbage_seeds","farmersdelight","wood","0"
"farmersdelight:cake_slice","farmersdelight","wood","0"
"farmersdelight:canvas","farmersdelight","wood","0"
"farmersdelight:canvas_rug","farmersdelight","wood","0"
"farmersdelight:canvas_sign","farmersdelight","wood","0"
"farmersdelight:carrot_crate","farmersdelight","wood","0"
"farmersdelight:cherry_cabinet","farmersdelight","wood","0"
"farmersdelight:chicken_cuts","farmersdelight","wood","0"
"farmersdelight:chicken_sandwich","farmersdelight","wood","0"
"farmersdelight:chicken_soup","farmersdelight","wood","0"
"farmersdelight:chocolate_pie","farmersdelight","wood","0"
"farmersdelight:chocolate_pie_slice","farmersdelight","wood","0"
"farmersdelight:cod_roll","farmersdelight","wood","0"
"farmersdelight:cod_slice","farmersdelight","wood","0"
"farmersdelight:cooked_bacon","farmersdelight","wood","0"
"farmersdelight:cooked_chicken_cuts","farmersdelight","wood","0"
"farmersdelight:cooked_cod_slice","farmersdelight","wood","0"
"farmersdelight:cooked_mutton_chops","farmersdelight","wood","0"
"farmersdelight:cooked_rice","farmersdelight","wood","0"
"farmersdelight:cooked_salmon_slice","farmersdelight","wood","0"
"farmersdelight:cooking_pot","farmersdelight","iron","4"
"farmersdelight:crimson_cabinet","farmersdelight","wood","0"
"farmersdelight:cutting_board","farmersdelight","stone","1"
"farmersdelight:cyan_canvas_sign","farmersdelight","wood","0"
"farmersdelight:cyan_hanging_canvas_sign","farmersdelight","wood","0"
"farmersdelight:dark_oak_cabinet","farmersdelight","wood","0"
"farmersdelight:debug_pumpkin_pie","farmersdelight","wood","0"
"farmersdelight:diamond_knife","farmersdelight","diamond","5"
"farmersdelight:dog_food","farmersdelight","wood","0"
"farmersdelight:dumplings","farmersdelight","wood","0"
"farmersdelight:egg_sandwich","farmersdelight","wood","0"
"farmersdelight:fish_stew","farmersdelight","wood","0"
"farmersdelight:flint_knife","farmersdelight","stone","1"
"farmersdelight:fried_egg","farmersdelight","wood","0"
"farmersdelight:fried_rice","farmersdelight","wood","0"
"farmersdelight:fruit_salad","farmersdelight","wood","0"
"farmersdelight:full_tatami_mat","farmersdelight","wood","0"
"farmersdelight:gleaming_salad","farmersdelight","wood","0"
"farmersdelight:gleaming_salad_block","farmersdelight","wood","0"
"farmersdelight:glow_berry_custard","farmersdelight","wood","0"
"farmersdelight:golden_knife","farmersdelight","iron","4"
"farmersdelight:gray_canvas_sign","farmersdelight","wood","0"
"farmersdelight:gray_hanging_canvas_sign","farmersdelight","wood","0"
"farmersdelight:green_canvas_sign","farmersdelight","wood","0"
"farmersdelight:green_hanging_canvas_sign","farmersdelight","wood","0"
"farmersdelight:grilled_salmon","farmersdelight","wood","0"
"farmersdelight:half_tatami_mat","farmersdelight","wood","0"
"farmersdelight:ham","farmersdelight","wood","0"
"farmersdelight:hamburger","farmersdelight","wood","0"
"farmersdelight:hanging_canvas_sign","farmersdelight","wood","0"
"farmersdelight:honey_cookie","farmersdelight","wood","0"
"farmersdelight:honey_glazed_ham","farmersdelight","wood","0"
"farmersdelight:honey_glazed_ham_block","farmersdelight","wood","0"
"farmersdelight:horse_feed","farmersdelight","wood","0"
"farmersdelight:hot_cocoa","farmersdelight","wood","0"
"farmersdelight:iron_knife","farmersdelight","iron","4"
"farmersdelight:jungle_cabinet","farmersdelight","wood","0"
"farmersdelight:kelp_roll","farmersdelight","wood","0"
"farmersdelight:kelp_roll_slice","farmersdelight","wood","0"
"farmersdelight:light_blue_canvas_sign","farmersdelight","wood","0"
"farmersdelight:light_blue_hanging_canvas_sign","farmersdelight","wood","0"
"farmersdelight:light_gray_canvas_sign","farmersdelight","wood","0"
"farmersdelight:light_gray_hanging_canvas_sign","farmersdelight","wood","0"
"farmersdelight:lime_canvas_sign","farmersdelight","wood","0"
"farmersdelight:lime_hanging_canvas_sign","farmersdelight","wood","0"
"farmersdelight:magenta_canvas_sign","farmersdelight","wood","0"
"farmersdelight:magenta_hanging_canvas_sign","farmersdelight","wood","0"
"farmersdelight:mangrove_cabinet","farmersdelight","wood","0"
"farmersdelight:melon_juice","farmersdelight","wood","0"
"farmersdelight:melon_popsicle","farmersdelight","wood","0"
"farmersdelight:milk_bottle","farmersdelight","wood","0"
"farmersdelight:minced_beef","farmersdelight","wood","0"
"farmersdelight:mixed_salad","farmersdelight","wood","0"
"farmersdelight:mushroom_rice","farmersdelight","wood","0"
"farmersdelight:mutton_chops","farmersdelight","wood","0"
"farmersdelight:mutton_wrap","farmersdelight","wood","0"
"farmersdelight:nether_salad","farmersdelight","wood","0"
"farmersdelight:netherite_knife","farmersdelight","nether","6"
"farmersdelight:noodle_soup","farmersdelight","wood","0"
"farmersdelight:oak_cabinet","farmersdelight","wood","0"
"farmersdelight:onion","farmersdelight","wood","0"
"farmersdelight:onion_crate","farmersdelight","wood","0"
"farmersdelight:onion_soup","farmersdelight","wood","0"
"farmersdelight:orange_canvas_sign","farmersdelight","wood","0"
"farmersdelight:orange_hanging_canvas_sign","farmersdelight","wood","0"
"farmersdelight:organic_compost","farmersdelight","wood","0"
"farmersdelight:pasta_with_meatballs","farmersdelight","wood","0"
"farmersdelight:pasta_with_mutton_chop","farmersdelight","wood","0"
"farmersdelight:pie_crust","farmersdelight","wood","0"
"farmersdelight:pink_canvas_sign","farmersdelight","wood","0"
"farmersdelight:pink_hanging_canvas_sign","farmersdelight","wood","0"
"farmersdelight:potato_crate","farmersdelight","wood","0"
"farmersdelight:pumpkin_pie_slice","farmersdelight","wood","0"
"farmersdelight:pumpkin_slice","farmersdelight","wood","0"
"farmersdelight:pumpkin_soup","farmersdelight","wood","0"
"farmersdelight:purple_canvas_sign","farmersdelight","wood","0"
"farmersdelight:purple_hanging_canvas_sign","farmersdelight","wood","0"
"farmersdelight:ratatouille","farmersdelight","wood","0"
"farmersdelight:raw_pasta","farmersdelight","wood","0"
"farmersdelight:red_canvas_sign","farmersdelight","wood","0"
"farmersdelight:red_hanging_canvas_sign","farmersdelight","wood","0"
"farmersdelight:red_mushroom_colony","farmersdelight","wood","0"
"farmersdelight:rice","farmersdelight","wood","0"
"farmersdelight:rice_bag","farmersdelight","wood","0"
"farmersdelight:rice_bale","farmersdelight","wood","0"
"farmersdelight:rice_panicle","farmersdelight","wood","0"
"farmersdelight:rice_roll_medley_block","farmersdelight","wood","0"
"farmersdelight:rich_soil","farmersdelight","wood","0"
"farmersdelight:rich_soil_farmland","farmersdelight","wood","0"
"farmersdelight:roast_chicken","farmersdelight","wood","0"
"farmersdelight:roast_chicken_block","farmersdelight","wood","0"
"farmersdelight:roasted_mutton_chops","farmersdelight","wood","0"
"farmersdelight:rope","farmersdelight","wood","0"
"farmersdelight:rope_fence","farmersdelight","wood","0"
"farmersdelight:rope_fence_gate","farmersdelight","wood","0"
"farmersdelight:rotten_tomato","farmersdelight","wood","0"
"farmersdelight:safety_net","farmersdelight","wood","0"
"farmersdelight:salmon_roll","farmersdelight","wood","0"
"farmersdelight:salmon_slice","farmersdelight","wood","0"
"farmersdelight:sandy_shrub","farmersdelight","wood","0"
"farmersdelight:shepherds_pie","farmersdelight","wood","0"
"farmersdelight:shepherds_pie_block","farmersdelight","wood","0"
"farmersdelight:skillet","farmersdelight","wood","0"
"farmersdelight:smoked_ham","farmersdelight","wood","0"
"farmersdelight:spruce_cabinet","farmersdelight","wood","0"
"farmersdelight:squid_ink_pasta","farmersdelight","wood","0"
"farmersdelight:steak_and_potatoes","farmersdelight","wood","0"
"farmersdelight:stove","farmersdelight","stone","1"
"farmersdelight:straw","farmersdelight","wood","0"
"farmersdelight:straw_bale","farmersdelight","wood","0"
"farmersdelight:stuffed_potato","farmersdelight","wood","0"
"farmersdelight:stuffed_pumpkin","farmersdelight","wood","0"
"farmersdelight:stuffed_pumpkin_block","farmersdelight","wood","0"
"farmersdelight:sweet_berry_cheesecake","farmersdelight","wood","0"
"farmersdelight:sweet_berry_cheesecake_slice","farmersdelight","wood","0"
"farmersdelight:sweet_berry_cookie","farmersdelight","wood","0"
"farmersdelight:tatami","farmersdelight","wood","0"
"farmersdelight:tomato","farmersdelight","wood","0"
"farmersdelight:tomato_crate","farmersdelight","wood","0"
"farmersdelight:tomato_sauce","farmersdelight","wood","0"
"farmersdelight:tomato_seeds","farmersdelight","wood","0"
"farmersdelight:tree_bark","farmersdelight","wood","0"
"farmersdelight:vegetable_noodles","farmersdelight","wood","0"
"farmersdelight:vegetable_soup","farmersdelight","wood","0"
"farmersdelight:warped_cabinet","farmersdelight","wood","0"
"farmersdelight:wheat_dough","farmersdelight","wood","0"
"farmersdelight:white_canvas_sign","farmersdelight","wood","0"
"farmersdelight:white_hanging_canvas_sign","farmersdelight","wood","0"
"farmersdelight:wild_beetroots","farmersdelight","wood","0"
"farmersdelight:wild_cabbages","farmersdelight","wood","0"
"farmersdelight:wild_carrots","farmersdelight","wood","0"
"farmersdelight:wild_onions","farmersdelight","wood","0"
"farmersdelight:wild_potatoes","farmersdelight","wood","0"
"farmersdelight:wild_rice","farmersdelight","wood","0"
"farmersdelight:wild_tomatoes","farmersdelight","wood","0"
"farmersdelight:wooden_basket","farmersdelight","wood","0"
"farmersdelight:yellow_canvas_sign","farmersdelight","wood","0"
"farmersdelight:yellow_hanging_canvas_sign","farmersdelight","wood","0"
"gravestone:gravestone","gravestone","wood","0"
"gravestone:obituary","gravestone","wood","0"
"hearthbound:copper_coin","hearthbound","iron","4"
"hearthbound:gold_coin","hearthbound","iron","4"
"hearthbound:project_stone","hearthbound","iron","4"
"hearthbound:settler_spawn_egg","hearthbound","iron","4"
"hearthbound:silver_coin","hearthbound","iron","4"
"hearthbound:village_charter","hearthbound","iron","4"
"hearthbound:village_hearth","hearthbound","iron","4"
"minecraft:acacia_boat","minecraft","wood","0"
"minecraft:acacia_button","minecraft","wood","0"
"minecraft:acacia_chest_boat","minecraft","wood","0"
"minecraft:acacia_door","minecraft","wood","0"
"minecraft:acacia_fence","minecraft","wood","0"
"minecraft:acacia_fence_gate","minecraft","wood","0"
"minecraft:acacia_hanging_sign","minecraft","wood","0"
"minecraft:acacia_leaves","minecraft","wood","0"
"minecraft:acacia_log","minecraft","wood","0"
"minecraft:acacia_planks","minecraft","wood","0"
"minecraft:acacia_pressure_plate","minecraft","wood","0"
"minecraft:acacia_sapling","minecraft","wood","0"
"minecraft:acacia_shelf","minecraft","wood","0"
"minecraft:acacia_sign","minecraft","wood","0"
"minecraft:acacia_slab","minecraft","wood","0"
"minecraft:acacia_stairs","minecraft","wood","0"
"minecraft:acacia_trapdoor","minecraft","wood","0"
"minecraft:acacia_wood","minecraft","wood","0"
"minecraft:activator_rail","minecraft","wood","0"
"minecraft:air","minecraft","wood","0"
"minecraft:allay_spawn_egg","minecraft","wood","0"
"minecraft:allium","minecraft","wood","0"
"minecraft:amethyst_block","minecraft","wood","0"
"minecraft:amethyst_cluster","minecraft","wood","0"
"minecraft:amethyst_shard","minecraft","wood","0"
"minecraft:ancient_debris","minecraft","wood","0"
"minecraft:andesite","minecraft","wood","0"
"minecraft:andesite_slab","minecraft","wood","0"
"minecraft:andesite_stairs","minecraft","wood","0"
"minecraft:andesite_wall","minecraft","wood","0"
"minecraft:angler_pottery_sherd","minecraft","wood","0"
"minecraft:anvil","minecraft","iron","4"
"minecraft:apple","minecraft","wood","0"
"minecraft:archer_pottery_sherd","minecraft","wood","0"
"minecraft:armadillo_scute","minecraft","wood","0"
"minecraft:armadillo_spawn_egg","minecraft","wood","0"
"minecraft:armor_stand","minecraft","wood","0"
"minecraft:arms_up_pottery_sherd","minecraft","wood","0"
"minecraft:arrow","minecraft","wood","0"
"minecraft:axolotl_bucket","minecraft","wood","0"
"minecraft:axolotl_spawn_egg","minecraft","wood","0"
"minecraft:azalea","minecraft","wood","0"
"minecraft:azalea_leaves","minecraft","wood","0"
"minecraft:azure_bluet","minecraft","wood","0"
"minecraft:baked_potato","minecraft","wood","0"
"minecraft:bamboo","minecraft","wood","0"
"minecraft:bamboo_block","minecraft","wood","0"
"minecraft:bamboo_button","minecraft","wood","0"
"minecraft:bamboo_chest_raft","minecraft","wood","0"
"minecraft:bamboo_door","minecraft","wood","0"
"minecraft:bamboo_fence","minecraft","wood","0"
"minecraft:bamboo_fence_gate","minecraft","wood","0"
"minecraft:bamboo_hanging_sign","minecraft","wood","0"
"minecraft:bamboo_mosaic","minecraft","wood","0"
"minecraft:bamboo_mosaic_slab","minecraft","wood","0"
"minecraft:bamboo_mosaic_stairs","minecraft","wood","0"
"minecraft:bamboo_planks","minecraft","wood","0"
"minecraft:bamboo_pressure_plate","minecraft","wood","0"
"minecraft:bamboo_raft","minecraft","wood","0"
"minecraft:bamboo_shelf","minecraft","wood","0"
"minecraft:bamboo_sign","minecraft","wood","0"
"minecraft:bamboo_slab","minecraft","wood","0"
"minecraft:bamboo_stairs","minecraft","wood","0"
"minecraft:bamboo_trapdoor","minecraft","wood","0"
"minecraft:barrel","minecraft","wood","0"
"minecraft:barrier","minecraft","wood","0"
"minecraft:basalt","minecraft","wood","0"
"minecraft:bat_spawn_egg","minecraft","wood","0"
"minecraft:beacon","minecraft","ascended","8"
"minecraft:bedrock","minecraft","wood","0"
"minecraft:bee_nest","minecraft","wood","0"
"minecraft:bee_spawn_egg","minecraft","wood","0"
"minecraft:beef","minecraft","wood","0"
"minecraft:beehive","minecraft","wood","0"
"minecraft:beetroot","minecraft","wood","0"
"minecraft:beetroot_seeds","minecraft","wood","0"
"minecraft:beetroot_soup","minecraft","wood","0"
"minecraft:bell","minecraft","wood","0"
"minecraft:big_dripleaf","minecraft","wood","0"
"minecraft:birch_boat","minecraft","wood","0"
"minecraft:birch_button","minecraft","wood","0"
"minecraft:birch_chest_boat","minecraft","wood","0"
"minecraft:birch_door","minecraft","wood","0"
"minecraft:birch_fence","minecraft","wood","0"
"minecraft:birch_fence_gate","minecraft","wood","0"
"minecraft:birch_hanging_sign","minecraft","wood","0"
"minecraft:birch_leaves","minecraft","wood","0"
"minecraft:birch_log","minecraft","wood","0"
"minecraft:birch_planks","minecraft","wood","0"
"minecraft:birch_pressure_plate","minecraft","wood","0"
"minecraft:birch_sapling","minecraft","wood","0"
"minecraft:birch_shelf","minecraft","wood","0"
"minecraft:birch_sign","minecraft","wood","0"
"minecraft:birch_slab","minecraft","wood","0"
"minecraft:birch_stairs","minecraft","wood","0"
"minecraft:birch_trapdoor","minecraft","wood","0"
"minecraft:birch_wood","minecraft","wood","0"
"minecraft:black_banner","minecraft","wood","0"
"minecraft:black_bed","minecraft","wood","0"
"minecraft:black_candle","minecraft","wood","0"
"minecraft:black_carpet","minecraft","wood","0"
"minecraft:black_concrete","minecraft","wood","0"
"minecraft:black_concrete_powder","minecraft","wood","0"
"minecraft:black_dye","minecraft","wood","0"
"minecraft:black_glazed_terracotta","minecraft","wood","0"
"minecraft:black_shulker_box","minecraft","ascended","8"
"minecraft:black_stained_glass","minecraft","wood","0"
"minecraft:black_stained_glass_pane","minecraft","wood","0"
"minecraft:black_terracotta","minecraft","wood","0"
"minecraft:black_wool","minecraft","wood","0"
"minecraft:blackstone","minecraft","wood","0"
"minecraft:blackstone_slab","minecraft","wood","0"
"minecraft:blackstone_stairs","minecraft","wood","0"
"minecraft:blackstone_wall","minecraft","wood","0"
"minecraft:blade_pottery_sherd","minecraft","wood","0"
"minecraft:blast_furnace","minecraft","iron","4"
"minecraft:blaze_powder","minecraft","wood","0"
"minecraft:blaze_rod","minecraft","wood","0"
"minecraft:blaze_spawn_egg","minecraft","wood","0"
"minecraft:blue_banner","minecraft","wood","0"
"minecraft:blue_bed","minecraft","wood","0"
"minecraft:blue_candle","minecraft","wood","0"
"minecraft:blue_carpet","minecraft","wood","0"
"minecraft:blue_concrete","minecraft","wood","0"
"minecraft:blue_concrete_powder","minecraft","wood","0"
"minecraft:blue_dye","minecraft","wood","0"
"minecraft:blue_glazed_terracotta","minecraft","wood","0"
"minecraft:blue_ice","minecraft","wood","0"
"minecraft:blue_orchid","minecraft","wood","0"
"minecraft:blue_shulker_box","minecraft","ascended","8"
"minecraft:blue_stained_glass","minecraft","wood","0"
"minecraft:blue_stained_glass_pane","minecraft","wood","0"
"minecraft:blue_terracotta","minecraft","wood","0"
"minecraft:blue_wool","minecraft","wood","0"
"minecraft:bogged_spawn_egg","minecraft","wood","0"
"minecraft:bolt_armor_trim_smithing_template","minecraft","wood","0"
"minecraft:bone","minecraft","wood","0"
"minecraft:bone_block","minecraft","wood","0"
"minecraft:bone_meal","minecraft","wood","0"
"minecraft:book","minecraft","wood","0"
"minecraft:bookshelf","minecraft","wood","0"
"minecraft:bow","minecraft","stone","1"
"minecraft:bowl","minecraft","wood","0"
"minecraft:brain_coral","minecraft","wood","0"
"minecraft:brain_coral_block","minecraft","wood","0"
"minecraft:brain_coral_fan","minecraft","wood","0"
"minecraft:bread","minecraft","wood","0"
"minecraft:breeze_rod","minecraft","wood","0"
"minecraft:breeze_spawn_egg","minecraft","wood","0"
"minecraft:brewer_pottery_sherd","minecraft","wood","0"
"minecraft:brewing_stand","minecraft","nether","6"
"minecraft:brick","minecraft","wood","0"
"minecraft:brick_slab","minecraft","wood","0"
"minecraft:brick_stairs","minecraft","wood","0"
"minecraft:brick_wall","minecraft","wood","0"
"minecraft:bricks","minecraft","wood","0"
"minecraft:brown_banner","minecraft","wood","0"
"minecraft:brown_bed","minecraft","wood","0"
"minecraft:brown_candle","minecraft","wood","0"
"minecraft:brown_carpet","minecraft","wood","0"
"minecraft:brown_concrete","minecraft","wood","0"
"minecraft:brown_concrete_powder","minecraft","wood","0"
"minecraft:brown_dye","minecraft","wood","0"
"minecraft:brown_glazed_terracotta","minecraft","wood","0"
"minecraft:brown_mushroom","minecraft","wood","0"
"minecraft:brown_mushroom_block","minecraft","wood","0"
"minecraft:brown_shulker_box","minecraft","ascended","8"
"minecraft:brown_stained_glass","minecraft","wood","0"
"minecraft:brown_stained_glass_pane","minecraft","wood","0"
"minecraft:brown_terracotta","minecraft","wood","0"
"minecraft:brown_wool","minecraft","wood","0"
"minecraft:brush","minecraft","copper","2"
"minecraft:bubble_coral","minecraft","wood","0"
"minecraft:bubble_coral_block","minecraft","wood","0"
"minecraft:bubble_coral_fan","minecraft","wood","0"
"minecraft:bucket","minecraft","chainmail","3"
"minecraft:budding_amethyst","minecraft","wood","0"
"minecraft:bundle","minecraft","wood","0"
"minecraft:burn_pottery_sherd","minecraft","wood","0"
"minecraft:cactus","minecraft","wood","0"
"minecraft:cake","minecraft","wood","0"
"minecraft:calcite","minecraft","wood","0"
"minecraft:calibrated_sculk_sensor","minecraft","wood","0"
"minecraft:camel_spawn_egg","minecraft","wood","0"
"minecraft:campfire","minecraft","wood","0"
"minecraft:candle","minecraft","wood","0"
"minecraft:carrot","minecraft","wood","0"
"minecraft:carrot_on_a_stick","minecraft","wood","0"
"minecraft:cartography_table","minecraft","wood","0"
"minecraft:carved_pumpkin","minecraft","wood","0"
"minecraft:cat_spawn_egg","minecraft","wood","0"
"minecraft:cauldron","minecraft","wood","0"
"minecraft:cave_spider_spawn_egg","minecraft","wood","0"
"minecraft:chain","minecraft","wood","0"
"minecraft:chain_command_block","minecraft","wood","0"
"minecraft:chainmail_boots","minecraft","chainmail","3"
"minecraft:chainmail_chestplate","minecraft","chainmail","3"
"minecraft:chainmail_helmet","minecraft","chainmail","3"
"minecraft:chainmail_leggings","minecraft","chainmail","3"
"minecraft:charcoal","minecraft","wood","0"
"minecraft:cherry_boat","minecraft","wood","0"
"minecraft:cherry_button","minecraft","wood","0"
"minecraft:cherry_chest_boat","minecraft","wood","0"
"minecraft:cherry_door","minecraft","wood","0"
"minecraft:cherry_fence","minecraft","wood","0"
"minecraft:cherry_fence_gate","minecraft","wood","0"
"minecraft:cherry_hanging_sign","minecraft","wood","0"
"minecraft:cherry_leaves","minecraft","wood","0"
"minecraft:cherry_log","minecraft","wood","0"
"minecraft:cherry_planks","minecraft","wood","0"
"minecraft:cherry_pressure_plate","minecraft","wood","0"
"minecraft:cherry_sapling","minecraft","wood","0"
"minecraft:cherry_shelf","minecraft","wood","0"
"minecraft:cherry_sign","minecraft","wood","0"
"minecraft:cherry_slab","minecraft","wood","0"
"minecraft:cherry_stairs","minecraft","wood","0"
"minecraft:cherry_trapdoor","minecraft","wood","0"
"minecraft:cherry_wood","minecraft","wood","0"
"minecraft:chest","minecraft","wood","0"
"minecraft:chest_minecart","minecraft","wood","0"
"minecraft:chicken","minecraft","wood","0"
"minecraft:chicken_spawn_egg","minecraft","wood","0"
"minecraft:chipped_anvil","minecraft","wood","0"
"minecraft:chiseled_bookshelf","minecraft","wood","0"
"minecraft:chiseled_copper","minecraft","wood","0"
"minecraft:chiseled_deepslate","minecraft","wood","0"
"minecraft:chiseled_nether_bricks","minecraft","wood","0"
"minecraft:chiseled_polished_blackstone","minecraft","wood","0"
"minecraft:chiseled_quartz_block","minecraft","wood","0"
"minecraft:chiseled_red_sandstone","minecraft","wood","0"
"minecraft:chiseled_sandstone","minecraft","wood","0"
"minecraft:chiseled_stone_bricks","minecraft","wood","0"
"minecraft:chiseled_tuff","minecraft","wood","0"
"minecraft:chiseled_tuff_bricks","minecraft","wood","0"
"minecraft:chorus_flower","minecraft","wood","0"
"minecraft:chorus_fruit","minecraft","wood","0"
"minecraft:chorus_plant","minecraft","wood","0"
"minecraft:clay","minecraft","wood","0"
"minecraft:clay_ball","minecraft","wood","0"
"minecraft:clock","minecraft","iron","4"
"minecraft:coal","minecraft","wood","0"
"minecraft:coal_block","minecraft","wood","0"
"minecraft:coal_ore","minecraft","wood","0"
"minecraft:coarse_dirt","minecraft","wood","0"
"minecraft:coast_armor_trim_smithing_template","minecraft","wood","0"
"minecraft:cobbled_deepslate","minecraft","wood","0"
"minecraft:cobbled_deepslate_slab","minecraft","wood","0"
"minecraft:cobbled_deepslate_stairs","minecraft","wood","0"
"minecraft:cobbled_deepslate_wall","minecraft","wood","0"
"minecraft:cobblestone","minecraft","wood","0"
"minecraft:cobblestone_slab","minecraft","wood","0"
"minecraft:cobblestone_stairs","minecraft","wood","0"
"minecraft:cobblestone_wall","minecraft","wood","0"
"minecraft:cobweb","minecraft","wood","0"
"minecraft:cocoa_beans","minecraft","wood","0"
"minecraft:cod","minecraft","wood","0"
"minecraft:cod_bucket","minecraft","wood","0"
"minecraft:cod_spawn_egg","minecraft","wood","0"
"minecraft:command_block","minecraft","wood","0"
"minecraft:command_block_minecart","minecraft","wood","0"
"minecraft:comparator","minecraft","wood","0"
"minecraft:compass","minecraft","iron","4"
"minecraft:composter","minecraft","wood","0"
"minecraft:conduit","minecraft","ascended","8"
"minecraft:cooked_beef","minecraft","wood","0"
"minecraft:cooked_chicken","minecraft","wood","0"
"minecraft:cooked_cod","minecraft","wood","0"
"minecraft:cooked_mutton","minecraft","wood","0"
"minecraft:cooked_porkchop","minecraft","wood","0"
"minecraft:cooked_rabbit","minecraft","wood","0"
"minecraft:cooked_salmon","minecraft","wood","0"
"minecraft:cookie","minecraft","wood","0"
"minecraft:copper_axe","minecraft","copper","2"
"minecraft:copper_bars","minecraft","copper","2"
"minecraft:copper_block","minecraft","wood","0"
"minecraft:copper_boots","minecraft","copper","2"
"minecraft:copper_bulb","minecraft","wood","0"
"minecraft:copper_chain","minecraft","copper","2"
"minecraft:copper_chest","minecraft","copper","2"
"minecraft:copper_chestplate","minecraft","copper","2"
"minecraft:copper_door","minecraft","wood","0"
"minecraft:copper_golem_spawn_egg","minecraft","wood","0"
"minecraft:copper_golem_statue","minecraft","wood","0"
"minecraft:copper_grate","minecraft","wood","0"
"minecraft:copper_helmet","minecraft","copper","2"
"minecraft:copper_hoe","minecraft","copper","2"
"minecraft:copper_horse_armor","minecraft","copper","2"
"minecraft:copper_ingot","minecraft","wood","0"
"minecraft:copper_lantern","minecraft","wood","0"
"minecraft:copper_leggings","minecraft","copper","2"
"minecraft:copper_nugget","minecraft","wood","0"
"minecraft:copper_ore","minecraft","wood","0"
"minecraft:copper_pickaxe","minecraft","copper","2"
"minecraft:copper_shovel","minecraft","copper","2"
"minecraft:copper_sword","minecraft","copper","2"
"minecraft:copper_torch","minecraft","copper","2"
"minecraft:copper_trapdoor","minecraft","wood","0"
"minecraft:cornflower","minecraft","wood","0"
"minecraft:cow_spawn_egg","minecraft","wood","0"
"minecraft:cracked_deepslate_bricks","minecraft","wood","0"
"minecraft:cracked_deepslate_tiles","minecraft","wood","0"
"minecraft:cracked_nether_bricks","minecraft","wood","0"
"minecraft:cracked_polished_blackstone_bricks","minecraft","wood","0"
"minecraft:cracked_stone_bricks","minecraft","wood","0"
"minecraft:crafter","minecraft","wood","0"
"minecraft:crafting_table","minecraft","wood","0"
"minecraft:creeper_banner_pattern","minecraft","wood","0"
"minecraft:creeper_head","minecraft","wood","0"
"minecraft:creeper_spawn_egg","minecraft","wood","0"
"minecraft:crimson_button","minecraft","wood","0"
"minecraft:crimson_door","minecraft","wood","0"
"minecraft:crimson_fence","minecraft","wood","0"
"minecraft:crimson_fence_gate","minecraft","wood","0"
"minecraft:crimson_fungus","minecraft","wood","0"
"minecraft:crimson_hanging_sign","minecraft","wood","0"
"minecraft:crimson_hyphae","minecraft","wood","0"
"minecraft:crimson_nylium","minecraft","wood","0"
"minecraft:crimson_planks","minecraft","wood","0"
"minecraft:crimson_pressure_plate","minecraft","wood","0"
"minecraft:crimson_roots","minecraft","wood","0"
"minecraft:crimson_shelf","minecraft","wood","0"
"minecraft:crimson_sign","minecraft","wood","0"
"minecraft:crimson_slab","minecraft","wood","0"
"minecraft:crimson_stairs","minecraft","wood","0"
"minecraft:crimson_stem","minecraft","wood","0"
"minecraft:crimson_trapdoor","minecraft","wood","0"
"minecraft:crossbow","minecraft","iron","4"
"minecraft:crying_obsidian","minecraft","wood","0"
"minecraft:cut_copper","minecraft","wood","0"
"minecraft:cut_copper_slab","minecraft","wood","0"
"minecraft:cut_copper_stairs","minecraft","wood","0"
"minecraft:cut_red_sandstone","minecraft","wood","0"
"minecraft:cut_red_sandstone_slab","minecraft","wood","0"
"minecraft:cut_sandstone","minecraft","wood","0"
"minecraft:cut_sandstone_slab","minecraft","wood","0"
"minecraft:cyan_banner","minecraft","wood","0"
"minecraft:cyan_bed","minecraft","wood","0"
"minecraft:cyan_candle","minecraft","wood","0"
"minecraft:cyan_carpet","minecraft","wood","0"
"minecraft:cyan_concrete","minecraft","wood","0"
"minecraft:cyan_concrete_powder","minecraft","wood","0"
"minecraft:cyan_dye","minecraft","wood","0"
"minecraft:cyan_glazed_terracotta","minecraft","wood","0"
"minecraft:cyan_shulker_box","minecraft","ascended","8"
"minecraft:cyan_stained_glass","minecraft","wood","0"
"minecraft:cyan_stained_glass_pane","minecraft","wood","0"
"minecraft:cyan_terracotta","minecraft","wood","0"
"minecraft:cyan_wool","minecraft","wood","0"
"minecraft:damaged_anvil","minecraft","wood","0"
"minecraft:dandelion","minecraft","wood","0"
"minecraft:danger_pottery_sherd","minecraft","wood","0"
"minecraft:dark_oak_boat","minecraft","wood","0"
"minecraft:dark_oak_button","minecraft","wood","0"
"minecraft:dark_oak_chest_boat","minecraft","wood","0"
"minecraft:dark_oak_door","minecraft","wood","0"
"minecraft:dark_oak_fence","minecraft","wood","0"
"minecraft:dark_oak_fence_gate","minecraft","wood","0"
"minecraft:dark_oak_hanging_sign","minecraft","wood","0"
"minecraft:dark_oak_leaves","minecraft","wood","0"
"minecraft:dark_oak_log","minecraft","wood","0"
"minecraft:dark_oak_planks","minecraft","wood","0"
"minecraft:dark_oak_pressure_plate","minecraft","wood","0"
"minecraft:dark_oak_sapling","minecraft","wood","0"
"minecraft:dark_oak_shelf","minecraft","wood","0"
"minecraft:dark_oak_sign","minecraft","wood","0"
"minecraft:dark_oak_slab","minecraft","wood","0"
"minecraft:dark_oak_stairs","minecraft","wood","0"
"minecraft:dark_oak_trapdoor","minecraft","wood","0"
"minecraft:dark_oak_wood","minecraft","wood","0"
"minecraft:dark_prismarine","minecraft","wood","0"
"minecraft:dark_prismarine_slab","minecraft","wood","0"
"minecraft:dark_prismarine_stairs","minecraft","wood","0"
"minecraft:daylight_detector","minecraft","wood","0"
"minecraft:dead_brain_coral","minecraft","wood","0"
"minecraft:dead_brain_coral_block","minecraft","wood","0"
"minecraft:dead_brain_coral_fan","minecraft","wood","0"
"minecraft:dead_bubble_coral","minecraft","wood","0"
"minecraft:dead_bubble_coral_block","minecraft","wood","0"
"minecraft:dead_bubble_coral_fan","minecraft","wood","0"
"minecraft:dead_bush","minecraft","wood","0"
"minecraft:dead_fire_coral","minecraft","wood","0"
"minecraft:dead_fire_coral_block","minecraft","wood","0"
"minecraft:dead_fire_coral_fan","minecraft","wood","0"
"minecraft:dead_horn_coral","minecraft","wood","0"
"minecraft:dead_horn_coral_block","minecraft","wood","0"
"minecraft:dead_horn_coral_fan","minecraft","wood","0"
"minecraft:dead_tube_coral","minecraft","wood","0"
"minecraft:dead_tube_coral_block","minecraft","wood","0"
"minecraft:dead_tube_coral_fan","minecraft","wood","0"
"minecraft:debug_stick","minecraft","wood","0"
"minecraft:decorated_pot","minecraft","wood","0"
"minecraft:deepslate","minecraft","wood","0"
"minecraft:deepslate_brick_slab","minecraft","wood","0"
"minecraft:deepslate_brick_stairs","minecraft","wood","0"
"minecraft:deepslate_brick_wall","minecraft","wood","0"
"minecraft:deepslate_bricks","minecraft","wood","0"
"minecraft:deepslate_coal_ore","minecraft","wood","0"
"minecraft:deepslate_copper_ore","minecraft","wood","0"
"minecraft:deepslate_diamond_ore","minecraft","wood","0"
"minecraft:deepslate_emerald_ore","minecraft","wood","0"
"minecraft:deepslate_gold_ore","minecraft","wood","0"
"minecraft:deepslate_iron_ore","minecraft","wood","0"
"minecraft:deepslate_lapis_ore","minecraft","wood","0"
"minecraft:deepslate_redstone_ore","minecraft","wood","0"
"minecraft:deepslate_tile_slab","minecraft","wood","0"
"minecraft:deepslate_tile_stairs","minecraft","wood","0"
"minecraft:deepslate_tile_wall","minecraft","wood","0"
"minecraft:deepslate_tiles","minecraft","wood","0"
"minecraft:detector_rail","minecraft","wood","0"
"minecraft:diamond","minecraft","wood","0"
"minecraft:diamond_axe","minecraft","diamond","5"
"minecraft:diamond_block","minecraft","wood","0"
"minecraft:diamond_boots","minecraft","diamond","5"
"minecraft:diamond_chestplate","minecraft","diamond","5"
"minecraft:diamond_helmet","minecraft","diamond","5"
"minecraft:diamond_hoe","minecraft","diamond","5"
"minecraft:diamond_horse_armor","minecraft","diamond","5"
"minecraft:diamond_leggings","minecraft","diamond","5"
"minecraft:diamond_ore","minecraft","wood","0"
"minecraft:diamond_pickaxe","minecraft","diamond","5"
"minecraft:diamond_shovel","minecraft","diamond","5"
"minecraft:diamond_sword","minecraft","diamond","5"
"minecraft:diorite","minecraft","wood","0"
"minecraft:diorite_slab","minecraft","wood","0"
"minecraft:diorite_stairs","minecraft","wood","0"
"minecraft:diorite_wall","minecraft","wood","0"
"minecraft:dirt","minecraft","wood","0"
"minecraft:dirt_path","minecraft","wood","0"
"minecraft:disc_fragment_5","minecraft","wood","0"
"minecraft:dispenser","minecraft","wood","0"
"minecraft:dolphin_spawn_egg","minecraft","wood","0"
"minecraft:donkey_spawn_egg","minecraft","wood","0"
"minecraft:dragon_breath","minecraft","wood","0"
"minecraft:dragon_egg","minecraft","wood","0"
"minecraft:dragon_head","minecraft","wood","0"
"minecraft:dried_kelp","minecraft","wood","0"
"minecraft:dried_kelp_block","minecraft","wood","0"
"minecraft:dripstone_block","minecraft","wood","0"
"minecraft:dropper","minecraft","wood","0"
"minecraft:drowned_spawn_egg","minecraft","wood","0"
"minecraft:dune_armor_trim_smithing_template","minecraft","wood","0"
"minecraft:echo_shard","minecraft","wood","0"
"minecraft:egg","minecraft","wood","0"
"minecraft:elder_guardian_spawn_egg","minecraft","wood","0"
"minecraft:elytra","minecraft","ascended","8"
"minecraft:emerald","minecraft","wood","0"
"minecraft:emerald_block","minecraft","wood","0"
"minecraft:emerald_ore","minecraft","wood","0"
"minecraft:enchanted_book","minecraft","wood","0"
"minecraft:enchanted_golden_apple","minecraft","wood","0"
"minecraft:enchanting_table","minecraft","diamond","5"
"minecraft:end_crystal","minecraft","ascended","8"
"minecraft:end_portal_frame","minecraft","wood","0"
"minecraft:end_rod","minecraft","wood","0"
"minecraft:end_stone","minecraft","wood","0"
"minecraft:end_stone_brick_slab","minecraft","wood","0"
"minecraft:end_stone_brick_stairs","minecraft","wood","0"
"minecraft:end_stone_brick_wall","minecraft","wood","0"
"minecraft:end_stone_bricks","minecraft","wood","0"
"minecraft:ender_chest","minecraft","end","7"
"minecraft:ender_dragon_spawn_egg","minecraft","wood","0"
"minecraft:ender_eye","minecraft","end","7"
"minecraft:ender_pearl","minecraft","wood","0"
"minecraft:enderman_spawn_egg","minecraft","wood","0"
"minecraft:endermite_spawn_egg","minecraft","wood","0"
"minecraft:evoker_spawn_egg","minecraft","wood","0"
"minecraft:experience_bottle","minecraft","wood","0"
"minecraft:explorer_pottery_sherd","minecraft","wood","0"
"minecraft:exposed_chiseled_copper","minecraft","wood","0"
"minecraft:exposed_copper","minecraft","wood","0"
"minecraft:exposed_copper_bars","minecraft","wood","0"
"minecraft:exposed_copper_bulb","minecraft","wood","0"
"minecraft:exposed_copper_chain","minecraft","wood","0"
"minecraft:exposed_copper_chest","minecraft","wood","0"
"minecraft:exposed_copper_door","minecraft","wood","0"
"minecraft:exposed_copper_golem_statue","minecraft","wood","0"
"minecraft:exposed_copper_grate","minecraft","wood","0"
"minecraft:exposed_copper_lantern","minecraft","wood","0"
"minecraft:exposed_copper_trapdoor","minecraft","wood","0"
"minecraft:exposed_cut_copper","minecraft","wood","0"
"minecraft:exposed_cut_copper_slab","minecraft","wood","0"
"minecraft:exposed_cut_copper_stairs","minecraft","wood","0"
"minecraft:exposed_lightning_rod","minecraft","wood","0"
"minecraft:eye_armor_trim_smithing_template","minecraft","wood","0"
"minecraft:farmland","minecraft","wood","0"
"minecraft:feather","minecraft","wood","0"
"minecraft:fermented_spider_eye","minecraft","wood","0"
"minecraft:fern","minecraft","wood","0"
"minecraft:filled_map","minecraft","wood","0"
"minecraft:fire_charge","minecraft","nether","6"
"minecraft:fire_coral","minecraft","wood","0"
"minecraft:fire_coral_block","minecraft","wood","0"
"minecraft:fire_coral_fan","minecraft","wood","0"
"minecraft:firework_rocket","minecraft","wood","0"
"minecraft:firework_star","minecraft","wood","0"
"minecraft:fishing_rod","minecraft","wood","0"
"minecraft:fletching_table","minecraft","wood","0"
"minecraft:flint","minecraft","wood","0"
"minecraft:flint_and_steel","minecraft","chainmail","3"
"minecraft:flow_armor_trim_smithing_template","minecraft","wood","0"
"minecraft:flow_banner_pattern","minecraft","wood","0"
"minecraft:flow_pottery_sherd","minecraft","wood","0"
"minecraft:flower_banner_pattern","minecraft","wood","0"
"minecraft:flower_pot","minecraft","wood","0"
"minecraft:flowering_azalea","minecraft","wood","0"
"minecraft:flowering_azalea_leaves","minecraft","wood","0"
"minecraft:fox_spawn_egg","minecraft","wood","0"
"minecraft:friend_pottery_sherd","minecraft","wood","0"
"minecraft:frog_spawn_egg","minecraft","wood","0"
"minecraft:frogspawn","minecraft","wood","0"
"minecraft:furnace","minecraft","stone","1"
"minecraft:furnace_minecart","minecraft","wood","0"
"minecraft:ghast_spawn_egg","minecraft","wood","0"
"minecraft:ghast_tear","minecraft","wood","0"
"minecraft:gilded_blackstone","minecraft","wood","0"
"minecraft:glass","minecraft","wood","0"
"minecraft:glass_bottle","minecraft","wood","0"
"minecraft:glass_pane","minecraft","wood","0"
"minecraft:glistering_melon_slice","minecraft","wood","0"
"minecraft:globe_banner_pattern","minecraft","wood","0"
"minecraft:glow_berries","minecraft","wood","0"
"minecraft:glow_ink_sac","minecraft","wood","0"
"minecraft:glow_item_frame","minecraft","wood","0"
"minecraft:glow_lichen","minecraft","wood","0"
"minecraft:glow_squid_spawn_egg","minecraft","wood","0"
"minecraft:glowstone","minecraft","wood","0"
"minecraft:glowstone_dust","minecraft","wood","0"
"minecraft:goat_horn","minecraft","wood","0"
"minecraft:goat_spawn_egg","minecraft","wood","0"
"minecraft:gold_block","minecraft","wood","0"
"minecraft:gold_ingot","minecraft","wood","0"
"minecraft:gold_nugget","minecraft","wood","0"
"minecraft:gold_ore","minecraft","wood","0"
"minecraft:golden_apple","minecraft","wood","0"
"minecraft:golden_axe","minecraft","wood","0"
"minecraft:golden_boots","minecraft","wood","0"
"minecraft:golden_carrot","minecraft","wood","0"
"minecraft:golden_chestplate","minecraft","wood","0"
"minecraft:golden_helmet","minecraft","wood","0"
"minecraft:golden_hoe","minecraft","wood","0"
"minecraft:golden_horse_armor","minecraft","wood","0"
"minecraft:golden_leggings","minecraft","wood","0"
"minecraft:golden_pickaxe","minecraft","wood","0"
"minecraft:golden_shovel","minecraft","wood","0"
"minecraft:golden_sword","minecraft","wood","0"
"minecraft:granite","minecraft","wood","0"
"minecraft:granite_slab","minecraft","wood","0"
"minecraft:granite_stairs","minecraft","wood","0"
"minecraft:granite_wall","minecraft","wood","0"
"minecraft:grass_block","minecraft","wood","0"
"minecraft:gravel","minecraft","wood","0"
"minecraft:gray_banner","minecraft","wood","0"
"minecraft:gray_bed","minecraft","wood","0"
"minecraft:gray_candle","minecraft","wood","0"
"minecraft:gray_carpet","minecraft","wood","0"
"minecraft:gray_concrete","minecraft","wood","0"
"minecraft:gray_concrete_powder","minecraft","wood","0"
"minecraft:gray_dye","minecraft","wood","0"
"minecraft:gray_glazed_terracotta","minecraft","wood","0"
"minecraft:gray_shulker_box","minecraft","ascended","8"
"minecraft:gray_stained_glass","minecraft","wood","0"
"minecraft:gray_stained_glass_pane","minecraft","wood","0"
"minecraft:gray_terracotta","minecraft","wood","0"
"minecraft:gray_wool","minecraft","wood","0"
"minecraft:green_banner","minecraft","wood","0"
"minecraft:green_bed","minecraft","wood","0"
"minecraft:green_candle","minecraft","wood","0"
"minecraft:green_carpet","minecraft","wood","0"
"minecraft:green_concrete","minecraft","wood","0"
"minecraft:green_concrete_powder","minecraft","wood","0"
"minecraft:green_dye","minecraft","wood","0"
"minecraft:green_glazed_terracotta","minecraft","wood","0"
"minecraft:green_shulker_box","minecraft","ascended","8"
"minecraft:green_stained_glass","minecraft","wood","0"
"minecraft:green_stained_glass_pane","minecraft","wood","0"
"minecraft:green_terracotta","minecraft","wood","0"
"minecraft:green_wool","minecraft","wood","0"
"minecraft:grindstone","minecraft","wood","0"
"minecraft:guardian_spawn_egg","minecraft","wood","0"
"minecraft:gunpowder","minecraft","wood","0"
"minecraft:guster_banner_pattern","minecraft","wood","0"
"minecraft:guster_pottery_sherd","minecraft","wood","0"
"minecraft:hanging_roots","minecraft","wood","0"
"minecraft:hay_block","minecraft","wood","0"
"minecraft:heart_of_the_sea","minecraft","wood","0"
"minecraft:heart_pottery_sherd","minecraft","wood","0"
"minecraft:heartbreak_pottery_sherd","minecraft","wood","0"
"minecraft:heavy_core","minecraft","wood","0"
"minecraft:heavy_weighted_pressure_plate","minecraft","wood","0"
"minecraft:hoglin_spawn_egg","minecraft","wood","0"
"minecraft:honey_block","minecraft","wood","0"
"minecraft:honey_bottle","minecraft","wood","0"
"minecraft:honeycomb","minecraft","wood","0"
"minecraft:honeycomb_block","minecraft","wood","0"
"minecraft:hopper","minecraft","iron","4"
"minecraft:hopper_minecart","minecraft","wood","0"
"minecraft:horn_coral","minecraft","wood","0"
"minecraft:horn_coral_block","minecraft","wood","0"
"minecraft:horn_coral_fan","minecraft","wood","0"
"minecraft:horse_spawn_egg","minecraft","wood","0"
"minecraft:host_armor_trim_smithing_template","minecraft","wood","0"
"minecraft:howl_pottery_sherd","minecraft","wood","0"
"minecraft:husk_spawn_egg","minecraft","wood","0"
"minecraft:ice","minecraft","wood","0"
"minecraft:infested_chiseled_stone_bricks","minecraft","wood","0"
"minecraft:infested_cobblestone","minecraft","wood","0"
"minecraft:infested_cracked_stone_bricks","minecraft","wood","0"
"minecraft:infested_deepslate","minecraft","wood","0"
"minecraft:infested_mossy_stone_bricks","minecraft","wood","0"
"minecraft:infested_stone","minecraft","wood","0"
"minecraft:infested_stone_bricks","minecraft","wood","0"
"minecraft:ink_sac","minecraft","wood","0"
"minecraft:iron_axe","minecraft","iron","4"
"minecraft:iron_bars","minecraft","wood","0"
"minecraft:iron_block","minecraft","wood","0"
"minecraft:iron_boots","minecraft","iron","4"
"minecraft:iron_chestplate","minecraft","iron","4"
"minecraft:iron_door","minecraft","wood","0"
"minecraft:iron_golem_spawn_egg","minecraft","wood","0"
"minecraft:iron_helmet","minecraft","iron","4"
"minecraft:iron_hoe","minecraft","iron","4"
"minecraft:iron_horse_armor","minecraft","iron","4"
"minecraft:iron_ingot","minecraft","wood","0"
"minecraft:iron_leggings","minecraft","iron","4"
"minecraft:iron_nugget","minecraft","wood","0"
"minecraft:iron_ore","minecraft","wood","0"
"minecraft:iron_pickaxe","minecraft","iron","4"
"minecraft:iron_shovel","minecraft","iron","4"
"minecraft:iron_sword","minecraft","iron","4"
"minecraft:iron_trapdoor","minecraft","wood","0"
"minecraft:item_frame","minecraft","wood","0"
"minecraft:jack_o_lantern","minecraft","wood","0"
"minecraft:jigsaw","minecraft","wood","0"
"minecraft:jukebox","minecraft","diamond","5"
"minecraft:jungle_boat","minecraft","wood","0"
"minecraft:jungle_button","minecraft","wood","0"
"minecraft:jungle_chest_boat","minecraft","wood","0"
"minecraft:jungle_door","minecraft","wood","0"
"minecraft:jungle_fence","minecraft","wood","0"
"minecraft:jungle_fence_gate","minecraft","wood","0"
"minecraft:jungle_hanging_sign","minecraft","wood","0"
"minecraft:jungle_leaves","minecraft","wood","0"
"minecraft:jungle_log","minecraft","wood","0"
"minecraft:jungle_planks","minecraft","wood","0"
"minecraft:jungle_pressure_plate","minecraft","wood","0"
"minecraft:jungle_sapling","minecraft","wood","0"
"minecraft:jungle_shelf","minecraft","wood","0"
"minecraft:jungle_sign","minecraft","wood","0"
"minecraft:jungle_slab","minecraft","wood","0"
"minecraft:jungle_stairs","minecraft","wood","0"
"minecraft:jungle_trapdoor","minecraft","wood","0"
"minecraft:jungle_wood","minecraft","wood","0"
"minecraft:kelp","minecraft","wood","0"
"minecraft:knowledge_book","minecraft","wood","0"
"minecraft:ladder","minecraft","wood","0"
"minecraft:lantern","minecraft","wood","0"
"minecraft:lapis_block","minecraft","wood","0"
"minecraft:lapis_lazuli","minecraft","wood","0"
"minecraft:lapis_ore","minecraft","wood","0"
"minecraft:large_amethyst_bud","minecraft","wood","0"
"minecraft:large_fern","minecraft","wood","0"
"minecraft:lava_bucket","minecraft","chainmail","3"
"minecraft:lead","minecraft","wood","0"
"minecraft:leather","minecraft","wood","0"
"minecraft:leather_boots","minecraft","stone","1"
"minecraft:leather_chestplate","minecraft","stone","1"
"minecraft:leather_helmet","minecraft","stone","1"
"minecraft:leather_horse_armor","minecraft","wood","0"
"minecraft:leather_leggings","minecraft","stone","1"
"minecraft:lectern","minecraft","wood","0"
"minecraft:lever","minecraft","wood","0"
"minecraft:light","minecraft","wood","0"
"minecraft:light_blue_banner","minecraft","wood","0"
"minecraft:light_blue_bed","minecraft","wood","0"
"minecraft:light_blue_candle","minecraft","wood","0"
"minecraft:light_blue_carpet","minecraft","wood","0"
"minecraft:light_blue_concrete","minecraft","wood","0"
"minecraft:light_blue_concrete_powder","minecraft","wood","0"
"minecraft:light_blue_dye","minecraft","wood","0"
"minecraft:light_blue_glazed_terracotta","minecraft","wood","0"
"minecraft:light_blue_shulker_box","minecraft","ascended","8"
"minecraft:light_blue_stained_glass","minecraft","wood","0"
"minecraft:light_blue_stained_glass_pane","minecraft","wood","0"
"minecraft:light_blue_terracotta","minecraft","wood","0"
"minecraft:light_blue_wool","minecraft","wood","0"
"minecraft:light_gray_banner","minecraft","wood","0"
"minecraft:light_gray_bed","minecraft","wood","0"
"minecraft:light_gray_candle","minecraft","wood","0"
"minecraft:light_gray_carpet","minecraft","wood","0"
"minecraft:light_gray_concrete","minecraft","wood","0"
"minecraft:light_gray_concrete_powder","minecraft","wood","0"
"minecraft:light_gray_dye","minecraft","wood","0"
"minecraft:light_gray_glazed_terracotta","minecraft","wood","0"
"minecraft:light_gray_shulker_box","minecraft","ascended","8"
"minecraft:light_gray_stained_glass","minecraft","wood","0"
"minecraft:light_gray_stained_glass_pane","minecraft","wood","0"
"minecraft:light_gray_terracotta","minecraft","wood","0"
"minecraft:light_gray_wool","minecraft","wood","0"
"minecraft:light_weighted_pressure_plate","minecraft","wood","0"
"minecraft:lightning_rod","minecraft","copper","2"
"minecraft:lilac","minecraft","wood","0"
"minecraft:lily_of_the_valley","minecraft","wood","0"
"minecraft:lily_pad","minecraft","wood","0"
"minecraft:lime_banner","minecraft","wood","0"
"minecraft:lime_bed","minecraft","wood","0"
"minecraft:lime_candle","minecraft","wood","0"
"minecraft:lime_carpet","minecraft","wood","0"
"minecraft:lime_concrete","minecraft","wood","0"
"minecraft:lime_concrete_powder","minecraft","wood","0"
"minecraft:lime_dye","minecraft","wood","0"
"minecraft:lime_glazed_terracotta","minecraft","wood","0"
"minecraft:lime_shulker_box","minecraft","ascended","8"
"minecraft:lime_stained_glass","minecraft","wood","0"
"minecraft:lime_stained_glass_pane","minecraft","wood","0"
"minecraft:lime_terracotta","minecraft","wood","0"
"minecraft:lime_wool","minecraft","wood","0"
"minecraft:lingering_potion","minecraft","wood","0"
"minecraft:llama_spawn_egg","minecraft","wood","0"
"minecraft:lodestone","minecraft","wood","0"
"minecraft:loom","minecraft","wood","0"
"minecraft:mace","minecraft","ascended","8"
"minecraft:magenta_banner","minecraft","wood","0"
"minecraft:magenta_bed","minecraft","wood","0"
"minecraft:magenta_candle","minecraft","wood","0"
"minecraft:magenta_carpet","minecraft","wood","0"
"minecraft:magenta_concrete","minecraft","wood","0"
"minecraft:magenta_concrete_powder","minecraft","wood","0"
"minecraft:magenta_dye","minecraft","wood","0"
"minecraft:magenta_glazed_terracotta","minecraft","wood","0"
"minecraft:magenta_shulker_box","minecraft","ascended","8"
"minecraft:magenta_stained_glass","minecraft","wood","0"
"minecraft:magenta_stained_glass_pane","minecraft","wood","0"
"minecraft:magenta_terracotta","minecraft","wood","0"
"minecraft:magenta_wool","minecraft","wood","0"
"minecraft:magma_block","minecraft","wood","0"
"minecraft:magma_cream","minecraft","wood","0"
"minecraft:magma_cube_spawn_egg","minecraft","wood","0"
"minecraft:mangrove_boat","minecraft","wood","0"
"minecraft:mangrove_button","minecraft","wood","0"
"minecraft:mangrove_chest_boat","minecraft","wood","0"
"minecraft:mangrove_door","minecraft","wood","0"
"minecraft:mangrove_fence","minecraft","wood","0"
"minecraft:mangrove_fence_gate","minecraft","wood","0"
"minecraft:mangrove_hanging_sign","minecraft","wood","0"
"minecraft:mangrove_leaves","minecraft","wood","0"
"minecraft:mangrove_log","minecraft","wood","0"
"minecraft:mangrove_planks","minecraft","wood","0"
"minecraft:mangrove_pressure_plate","minecraft","wood","0"
"minecraft:mangrove_propagule","minecraft","wood","0"
"minecraft:mangrove_roots","minecraft","wood","0"
"minecraft:mangrove_shelf","minecraft","wood","0"
"minecraft:mangrove_sign","minecraft","wood","0"
"minecraft:mangrove_slab","minecraft","wood","0"
"minecraft:mangrove_stairs","minecraft","wood","0"
"minecraft:mangrove_trapdoor","minecraft","wood","0"
"minecraft:mangrove_wood","minecraft","wood","0"
"minecraft:map","minecraft","wood","0"
"minecraft:medium_amethyst_bud","minecraft","wood","0"
"minecraft:melon","minecraft","wood","0"
"minecraft:melon_seeds","minecraft","wood","0"
"minecraft:melon_slice","minecraft","wood","0"
"minecraft:milk_bucket","minecraft","wood","0"
"minecraft:minecart","minecraft","iron","4"
"minecraft:miner_pottery_sherd","minecraft","wood","0"
"minecraft:mojang_banner_pattern","minecraft","wood","0"
"minecraft:mooshroom_spawn_egg","minecraft","wood","0"
"minecraft:moss_block","minecraft","wood","0"
"minecraft:moss_carpet","minecraft","wood","0"
"minecraft:mossy_cobblestone","minecraft","wood","0"
"minecraft:mossy_cobblestone_slab","minecraft","wood","0"
"minecraft:mossy_cobblestone_stairs","minecraft","wood","0"
"minecraft:mossy_cobblestone_wall","minecraft","wood","0"
"minecraft:mossy_stone_brick_slab","minecraft","wood","0"
"minecraft:mossy_stone_brick_stairs","minecraft","wood","0"
"minecraft:mossy_stone_brick_wall","minecraft","wood","0"
"minecraft:mossy_stone_bricks","minecraft","wood","0"
"minecraft:mourner_pottery_sherd","minecraft","wood","0"
"minecraft:mud","minecraft","wood","0"
"minecraft:mud_brick_slab","minecraft","wood","0"
"minecraft:mud_brick_stairs","minecraft","wood","0"
"minecraft:mud_brick_wall","minecraft","wood","0"
"minecraft:mud_bricks","minecraft","wood","0"
"minecraft:muddy_mangrove_roots","minecraft","wood","0"
"minecraft:mule_spawn_egg","minecraft","wood","0"
"minecraft:mushroom_stem","minecraft","wood","0"
"minecraft:mushroom_stew","minecraft","wood","0"
"minecraft:music_disc_11","minecraft","wood","0"
"minecraft:music_disc_13","minecraft","wood","0"
"minecraft:music_disc_5","minecraft","wood","0"
"minecraft:music_disc_blocks","minecraft","wood","0"
"minecraft:music_disc_cat","minecraft","wood","0"
"minecraft:music_disc_chirp","minecraft","wood","0"
"minecraft:music_disc_creator","minecraft","wood","0"
"minecraft:music_disc_creator_music_box","minecraft","wood","0"
"minecraft:music_disc_far","minecraft","wood","0"
"minecraft:music_disc_mall","minecraft","wood","0"
"minecraft:music_disc_mellohi","minecraft","wood","0"
"minecraft:music_disc_otherside","minecraft","wood","0"
"minecraft:music_disc_pigstep","minecraft","wood","0"
"minecraft:music_disc_precipice","minecraft","wood","0"
"minecraft:music_disc_relic","minecraft","wood","0"
"minecraft:music_disc_stal","minecraft","wood","0"
"minecraft:music_disc_strad","minecraft","wood","0"
"minecraft:music_disc_wait","minecraft","wood","0"
"minecraft:music_disc_ward","minecraft","wood","0"
"minecraft:mutton","minecraft","wood","0"
"minecraft:mycelium","minecraft","wood","0"
"minecraft:name_tag","minecraft","wood","0"
"minecraft:nautilus_shell","minecraft","wood","0"
"minecraft:nether_brick","minecraft","wood","0"
"minecraft:nether_brick_fence","minecraft","wood","0"
"minecraft:nether_brick_slab","minecraft","wood","0"
"minecraft:nether_brick_stairs","minecraft","wood","0"
"minecraft:nether_brick_wall","minecraft","wood","0"
"minecraft:nether_bricks","minecraft","wood","0"
"minecraft:nether_gold_ore","minecraft","wood","0"
"minecraft:nether_quartz_ore","minecraft","wood","0"
"minecraft:nether_sprouts","minecraft","wood","0"
"minecraft:nether_star","minecraft","wood","0"
"minecraft:nether_wart","minecraft","wood","0"
"minecraft:nether_wart_block","minecraft","wood","0"
"minecraft:netherite_axe","minecraft","nether","6"
"minecraft:netherite_block","minecraft","wood","0"
"minecraft:netherite_boots","minecraft","nether","6"
"minecraft:netherite_chestplate","minecraft","nether","6"
"minecraft:netherite_helmet","minecraft","nether","6"
"minecraft:netherite_hoe","minecraft","nether","6"
"minecraft:netherite_ingot","minecraft","wood","0"
"minecraft:netherite_leggings","minecraft","nether","6"
"minecraft:netherite_pickaxe","minecraft","nether","6"
"minecraft:netherite_scrap","minecraft","wood","0"
"minecraft:netherite_shovel","minecraft","nether","6"
"minecraft:netherite_sword","minecraft","nether","6"
"minecraft:netherite_upgrade_smithing_template","minecraft","wood","0"
"minecraft:netherrack","minecraft","wood","0"
"minecraft:note_block","minecraft","wood","0"
"minecraft:oak_boat","minecraft","wood","0"
"minecraft:oak_button","minecraft","wood","0"
"minecraft:oak_chest_boat","minecraft","wood","0"
"minecraft:oak_door","minecraft","wood","0"
"minecraft:oak_fence","minecraft","wood","0"
"minecraft:oak_fence_gate","minecraft","wood","0"
"minecraft:oak_hanging_sign","minecraft","wood","0"
"minecraft:oak_leaves","minecraft","wood","0"
"minecraft:oak_log","minecraft","wood","0"
"minecraft:oak_planks","minecraft","wood","0"
"minecraft:oak_pressure_plate","minecraft","wood","0"
"minecraft:oak_sapling","minecraft","wood","0"
"minecraft:oak_shelf","minecraft","wood","0"
"minecraft:oak_sign","minecraft","wood","0"
"minecraft:oak_slab","minecraft","wood","0"
"minecraft:oak_stairs","minecraft","wood","0"
"minecraft:oak_trapdoor","minecraft","wood","0"
"minecraft:oak_wood","minecraft","wood","0"
"minecraft:observer","minecraft","wood","0"
"minecraft:obsidian","minecraft","wood","0"
"minecraft:ocelot_spawn_egg","minecraft","wood","0"
"minecraft:ochre_froglight","minecraft","wood","0"
"minecraft:ominous_bottle","minecraft","wood","0"
"minecraft:ominous_trial_key","minecraft","wood","0"
"minecraft:orange_banner","minecraft","wood","0"
"minecraft:orange_bed","minecraft","wood","0"
"minecraft:orange_candle","minecraft","wood","0"
"minecraft:orange_carpet","minecraft","wood","0"
"minecraft:orange_concrete","minecraft","wood","0"
"minecraft:orange_concrete_powder","minecraft","wood","0"
"minecraft:orange_dye","minecraft","wood","0"
"minecraft:orange_glazed_terracotta","minecraft","wood","0"
"minecraft:orange_shulker_box","minecraft","ascended","8"
"minecraft:orange_stained_glass","minecraft","wood","0"
"minecraft:orange_stained_glass_pane","minecraft","wood","0"
"minecraft:orange_terracotta","minecraft","wood","0"
"minecraft:orange_tulip","minecraft","wood","0"
"minecraft:orange_wool","minecraft","wood","0"
"minecraft:oxeye_daisy","minecraft","wood","0"
"minecraft:oxidized_chiseled_copper","minecraft","wood","0"
"minecraft:oxidized_copper","minecraft","wood","0"
"minecraft:oxidized_copper_bars","minecraft","wood","0"
"minecraft:oxidized_copper_bulb","minecraft","wood","0"
"minecraft:oxidized_copper_chain","minecraft","wood","0"
"minecraft:oxidized_copper_chest","minecraft","wood","0"
"minecraft:oxidized_copper_door","minecraft","wood","0"
"minecraft:oxidized_copper_golem_statue","minecraft","wood","0"
"minecraft:oxidized_copper_grate","minecraft","wood","0"
"minecraft:oxidized_copper_lantern","minecraft","wood","0"
"minecraft:oxidized_copper_trapdoor","minecraft","wood","0"
"minecraft:oxidized_cut_copper","minecraft","wood","0"
"minecraft:oxidized_cut_copper_slab","minecraft","wood","0"
"minecraft:oxidized_cut_copper_stairs","minecraft","wood","0"
"minecraft:oxidized_lightning_rod","minecraft","wood","0"
"minecraft:packed_ice","minecraft","wood","0"
"minecraft:packed_mud","minecraft","wood","0"
"minecraft:painting","minecraft","wood","0"
"minecraft:pale_oak_shelf","minecraft","wood","0"
"minecraft:panda_spawn_egg","minecraft","wood","0"
"minecraft:paper","minecraft","wood","0"
"minecraft:parrot_spawn_egg","minecraft","wood","0"
"minecraft:pearlescent_froglight","minecraft","wood","0"
"minecraft:peony","minecraft","wood","0"
"minecraft:petrified_oak_slab","minecraft","wood","0"
"minecraft:phantom_membrane","minecraft","wood","0"
"minecraft:phantom_spawn_egg","minecraft","wood","0"
"minecraft:pig_spawn_egg","minecraft","wood","0"
"minecraft:piglin_banner_pattern","minecraft","wood","0"
"minecraft:piglin_brute_spawn_egg","minecraft","wood","0"
"minecraft:piglin_head","minecraft","wood","0"
"minecraft:piglin_spawn_egg","minecraft","wood","0"
"minecraft:pillager_spawn_egg","minecraft","wood","0"
"minecraft:pink_banner","minecraft","wood","0"
"minecraft:pink_bed","minecraft","wood","0"
"minecraft:pink_candle","minecraft","wood","0"
"minecraft:pink_carpet","minecraft","wood","0"
"minecraft:pink_concrete","minecraft","wood","0"
"minecraft:pink_concrete_powder","minecraft","wood","0"
"minecraft:pink_dye","minecraft","wood","0"
"minecraft:pink_glazed_terracotta","minecraft","wood","0"
"minecraft:pink_petals","minecraft","wood","0"
"minecraft:pink_shulker_box","minecraft","ascended","8"
"minecraft:pink_stained_glass","minecraft","wood","0"
"minecraft:pink_stained_glass_pane","minecraft","wood","0"
"minecraft:pink_terracotta","minecraft","wood","0"
"minecraft:pink_tulip","minecraft","wood","0"
"minecraft:pink_wool","minecraft","wood","0"
"minecraft:piston","minecraft","iron","4"
"minecraft:pitcher_plant","minecraft","wood","0"
"minecraft:pitcher_pod","minecraft","wood","0"
"minecraft:player_head","minecraft","wood","0"
"minecraft:plenty_pottery_sherd","minecraft","wood","0"
"minecraft:podzol","minecraft","wood","0"
"minecraft:pointed_dripstone","minecraft","wood","0"
"minecraft:poisonous_potato","minecraft","wood","0"
"minecraft:polar_bear_spawn_egg","minecraft","wood","0"
"minecraft:polished_andesite","minecraft","wood","0"
"minecraft:polished_andesite_slab","minecraft","wood","0"
"minecraft:polished_andesite_stairs","minecraft","wood","0"
"minecraft:polished_basalt","minecraft","wood","0"
"minecraft:polished_blackstone","minecraft","wood","0"
"minecraft:polished_blackstone_brick_slab","minecraft","wood","0"
"minecraft:polished_blackstone_brick_stairs","minecraft","wood","0"
"minecraft:polished_blackstone_brick_wall","minecraft","wood","0"
"minecraft:polished_blackstone_bricks","minecraft","wood","0"
"minecraft:polished_blackstone_button","minecraft","wood","0"
"minecraft:polished_blackstone_pressure_plate","minecraft","wood","0"
"minecraft:polished_blackstone_slab","minecraft","wood","0"
"minecraft:polished_blackstone_stairs","minecraft","wood","0"
"minecraft:polished_blackstone_wall","minecraft","wood","0"
"minecraft:polished_deepslate","minecraft","wood","0"
"minecraft:polished_deepslate_slab","minecraft","wood","0"
"minecraft:polished_deepslate_stairs","minecraft","wood","0"
"minecraft:polished_deepslate_wall","minecraft","wood","0"
"minecraft:polished_diorite","minecraft","wood","0"
"minecraft:polished_diorite_slab","minecraft","wood","0"
"minecraft:polished_diorite_stairs","minecraft","wood","0"
"minecraft:polished_granite","minecraft","wood","0"
"minecraft:polished_granite_slab","minecraft","wood","0"
"minecraft:polished_granite_stairs","minecraft","wood","0"
"minecraft:polished_tuff","minecraft","wood","0"
"minecraft:polished_tuff_slab","minecraft","wood","0"
"minecraft:polished_tuff_stairs","minecraft","wood","0"
"minecraft:polished_tuff_wall","minecraft","wood","0"
"minecraft:popped_chorus_fruit","minecraft","wood","0"
"minecraft:poppy","minecraft","wood","0"
"minecraft:porkchop","minecraft","wood","0"
"minecraft:potato","minecraft","wood","0"
"minecraft:potion","minecraft","wood","0"
"minecraft:powder_snow_bucket","minecraft","wood","0"
"minecraft:powered_rail","minecraft","wood","0"
"minecraft:prismarine","minecraft","wood","0"
"minecraft:prismarine_brick_slab","minecraft","wood","0"
"minecraft:prismarine_brick_stairs","minecraft","wood","0"
"minecraft:prismarine_bricks","minecraft","wood","0"
"minecraft:prismarine_crystals","minecraft","wood","0"
"minecraft:prismarine_shard","minecraft","wood","0"
"minecraft:prismarine_slab","minecraft","wood","0"
"minecraft:prismarine_stairs","minecraft","wood","0"
"minecraft:prismarine_wall","minecraft","wood","0"
"minecraft:prize_pottery_sherd","minecraft","wood","0"
"minecraft:pufferfish","minecraft","wood","0"
"minecraft:pufferfish_bucket","minecraft","wood","0"
"minecraft:pufferfish_spawn_egg","minecraft","wood","0"
"minecraft:pumpkin","minecraft","wood","0"
"minecraft:pumpkin_pie","minecraft","wood","0"
"minecraft:pumpkin_seeds","minecraft","wood","0"
"minecraft:purple_banner","minecraft","wood","0"
"minecraft:purple_bed","minecraft","wood","0"
"minecraft:purple_candle","minecraft","wood","0"
"minecraft:purple_carpet","minecraft","wood","0"
"minecraft:purple_concrete","minecraft","wood","0"
"minecraft:purple_concrete_powder","minecraft","wood","0"
"minecraft:purple_dye","minecraft","wood","0"
"minecraft:purple_glazed_terracotta","minecraft","wood","0"
"minecraft:purple_shulker_box","minecraft","ascended","8"
"minecraft:purple_stained_glass","minecraft","wood","0"
"minecraft:purple_stained_glass_pane","minecraft","wood","0"
"minecraft:purple_terracotta","minecraft","wood","0"
"minecraft:purple_wool","minecraft","wood","0"
"minecraft:purpur_block","minecraft","wood","0"
"minecraft:purpur_pillar","minecraft","wood","0"
"minecraft:purpur_slab","minecraft","wood","0"
"minecraft:purpur_stairs","minecraft","wood","0"
"minecraft:quartz","minecraft","wood","0"
"minecraft:quartz_block","minecraft","wood","0"
"minecraft:quartz_bricks","minecraft","wood","0"
"minecraft:quartz_pillar","minecraft","wood","0"
"minecraft:quartz_slab","minecraft","wood","0"
"minecraft:quartz_stairs","minecraft","wood","0"
"minecraft:rabbit","minecraft","wood","0"
"minecraft:rabbit_foot","minecraft","wood","0"
"minecraft:rabbit_hide","minecraft","wood","0"
"minecraft:rabbit_spawn_egg","minecraft","wood","0"
"minecraft:rabbit_stew","minecraft","wood","0"
"minecraft:rail","minecraft","wood","0"
"minecraft:raiser_armor_trim_smithing_template","minecraft","wood","0"
"minecraft:ravager_spawn_egg","minecraft","wood","0"
"minecraft:raw_copper","minecraft","wood","0"
"minecraft:raw_copper_block","minecraft","wood","0"
"minecraft:raw_gold","minecraft","wood","0"
"minecraft:raw_gold_block","minecraft","wood","0"
"minecraft:raw_iron","minecraft","wood","0"
"minecraft:raw_iron_block","minecraft","wood","0"
"minecraft:recovery_compass","minecraft","wood","0"
"minecraft:red_banner","minecraft","wood","0"
"minecraft:red_bed","minecraft","wood","0"
"minecraft:red_candle","minecraft","wood","0"
"minecraft:red_carpet","minecraft","wood","0"
"minecraft:red_concrete","minecraft","wood","0"
"minecraft:red_concrete_powder","minecraft","wood","0"
"minecraft:red_dye","minecraft","wood","0"
"minecraft:red_glazed_terracotta","minecraft","wood","0"
"minecraft:red_mushroom","minecraft","wood","0"
"minecraft:red_mushroom_block","minecraft","wood","0"
"minecraft:red_nether_brick_slab","minecraft","wood","0"
"minecraft:red_nether_brick_stairs","minecraft","wood","0"
"minecraft:red_nether_brick_wall","minecraft","wood","0"
"minecraft:red_nether_bricks","minecraft","wood","0"
"minecraft:red_sand","minecraft","wood","0"
"minecraft:red_sandstone","minecraft","wood","0"
"minecraft:red_sandstone_slab","minecraft","wood","0"
"minecraft:red_sandstone_stairs","minecraft","wood","0"
"minecraft:red_sandstone_wall","minecraft","wood","0"
"minecraft:red_shulker_box","minecraft","ascended","8"
"minecraft:red_stained_glass","minecraft","wood","0"
"minecraft:red_stained_glass_pane","minecraft","wood","0"
"minecraft:red_terracotta","minecraft","wood","0"
"minecraft:red_tulip","minecraft","wood","0"
"minecraft:red_wool","minecraft","wood","0"
"minecraft:redstone","minecraft","wood","0"
"minecraft:redstone_block","minecraft","wood","0"
"minecraft:redstone_lamp","minecraft","wood","0"
"minecraft:redstone_ore","minecraft","wood","0"
"minecraft:redstone_torch","minecraft","wood","0"
"minecraft:reinforced_deepslate","minecraft","wood","0"
"minecraft:repeater","minecraft","wood","0"
"minecraft:repeating_command_block","minecraft","wood","0"
"minecraft:respawn_anchor","minecraft","nether","6"
"minecraft:rib_armor_trim_smithing_template","minecraft","wood","0"
"minecraft:rooted_dirt","minecraft","wood","0"
"minecraft:rose_bush","minecraft","wood","0"
"minecraft:rotten_flesh","minecraft","wood","0"
"minecraft:saddle","minecraft","wood","0"
"minecraft:salmon","minecraft","wood","0"
"minecraft:salmon_bucket","minecraft","wood","0"
"minecraft:salmon_spawn_egg","minecraft","wood","0"
"minecraft:sand","minecraft","wood","0"
"minecraft:sandstone","minecraft","wood","0"
"minecraft:sandstone_slab","minecraft","wood","0"
"minecraft:sandstone_stairs","minecraft","wood","0"
"minecraft:sandstone_wall","minecraft","wood","0"
"minecraft:scaffolding","minecraft","wood","0"
"minecraft:scrape_pottery_sherd","minecraft","wood","0"
"minecraft:sculk","minecraft","wood","0"
"minecraft:sculk_catalyst","minecraft","wood","0"
"minecraft:sculk_sensor","minecraft","wood","0"
"minecraft:sculk_shrieker","minecraft","wood","0"
"minecraft:sculk_vein","minecraft","wood","0"
"minecraft:sea_lantern","minecraft","wood","0"
"minecraft:sea_pickle","minecraft","wood","0"
"minecraft:seagrass","minecraft","wood","0"
"minecraft:sentry_armor_trim_smithing_template","minecraft","wood","0"
"minecraft:shaper_armor_trim_smithing_template","minecraft","wood","0"
"minecraft:sheaf_pottery_sherd","minecraft","wood","0"
"minecraft:shears","minecraft","chainmail","3"
"minecraft:sheep_spawn_egg","minecraft","wood","0"
"minecraft:shelter_pottery_sherd","minecraft","wood","0"
"minecraft:shield","minecraft","chainmail","3"
"minecraft:short_grass","minecraft","wood","0"
"minecraft:shroomlight","minecraft","wood","0"
"minecraft:shulker_box","minecraft","ascended","8"
"minecraft:shulker_shell","minecraft","wood","0"
"minecraft:shulker_spawn_egg","minecraft","wood","0"
"minecraft:silence_armor_trim_smithing_template","minecraft","wood","0"
"minecraft:silverfish_spawn_egg","minecraft","wood","0"
"minecraft:skeleton_horse_spawn_egg","minecraft","wood","0"
"minecraft:skeleton_skull","minecraft","wood","0"
"minecraft:skeleton_spawn_egg","minecraft","wood","0"
"minecraft:skull_banner_pattern","minecraft","wood","0"
"minecraft:skull_pottery_sherd","minecraft","wood","0"
"minecraft:slime_ball","minecraft","wood","0"
"minecraft:slime_block","minecraft","wood","0"
"minecraft:slime_spawn_egg","minecraft","wood","0"
"minecraft:small_amethyst_bud","minecraft","wood","0"
"minecraft:small_dripleaf","minecraft","wood","0"
"minecraft:smithing_table","minecraft","wood","0"
"minecraft:smoker","minecraft","stone","1"
"minecraft:smooth_basalt","minecraft","wood","0"
"minecraft:smooth_quartz","minecraft","wood","0"
"minecraft:smooth_quartz_slab","minecraft","wood","0"
"minecraft:smooth_quartz_stairs","minecraft","wood","0"
"minecraft:smooth_red_sandstone","minecraft","wood","0"
"minecraft:smooth_red_sandstone_slab","minecraft","wood","0"
"minecraft:smooth_red_sandstone_stairs","minecraft","wood","0"
"minecraft:smooth_sandstone","minecraft","wood","0"
"minecraft:smooth_sandstone_slab","minecraft","wood","0"
"minecraft:smooth_sandstone_stairs","minecraft","wood","0"
"minecraft:smooth_stone","minecraft","wood","0"
"minecraft:smooth_stone_slab","minecraft","wood","0"
"minecraft:sniffer_egg","minecraft","wood","0"
"minecraft:sniffer_spawn_egg","minecraft","wood","0"
"minecraft:snort_pottery_sherd","minecraft","wood","0"
"minecraft:snout_armor_trim_smithing_template","minecraft","wood","0"
"minecraft:snow","minecraft","wood","0"
"minecraft:snow_block","minecraft","wood","0"
"minecraft:snow_golem_spawn_egg","minecraft","wood","0"
"minecraft:snowball","minecraft","wood","0"
"minecraft:soul_campfire","minecraft","wood","0"
"minecraft:soul_lantern","minecraft","wood","0"
"minecraft:soul_sand","minecraft","wood","0"
"minecraft:soul_soil","minecraft","wood","0"
"minecraft:soul_torch","minecraft","wood","0"
"minecraft:spawner","minecraft","wood","0"
"minecraft:spectral_arrow","minecraft","wood","0"
"minecraft:spider_eye","minecraft","wood","0"
"minecraft:spider_spawn_egg","minecraft","wood","0"
"minecraft:spire_armor_trim_smithing_template","minecraft","wood","0"
"minecraft:splash_potion","minecraft","wood","0"
"minecraft:sponge","minecraft","wood","0"
"minecraft:spore_blossom","minecraft","wood","0"
"minecraft:spruce_boat","minecraft","wood","0"
"minecraft:spruce_button","minecraft","wood","0"
"minecraft:spruce_chest_boat","minecraft","wood","0"
"minecraft:spruce_door","minecraft","wood","0"
"minecraft:spruce_fence","minecraft","wood","0"
"minecraft:spruce_fence_gate","minecraft","wood","0"
"minecraft:spruce_hanging_sign","minecraft","wood","0"
"minecraft:spruce_leaves","minecraft","wood","0"
"minecraft:spruce_log","minecraft","wood","0"
"minecraft:spruce_planks","minecraft","wood","0"
"minecraft:spruce_pressure_plate","minecraft","wood","0"
"minecraft:spruce_sapling","minecraft","wood","0"
"minecraft:spruce_shelf","minecraft","wood","0"
"minecraft:spruce_sign","minecraft","wood","0"
"minecraft:spruce_slab","minecraft","wood","0"
"minecraft:spruce_stairs","minecraft","wood","0"
"minecraft:spruce_trapdoor","minecraft","wood","0"
"minecraft:spruce_wood","minecraft","wood","0"
"minecraft:spyglass","minecraft","wood","0"
"minecraft:squid_spawn_egg","minecraft","wood","0"
"minecraft:stick","minecraft","wood","0"
"minecraft:sticky_piston","minecraft","iron","4"
"minecraft:stone","minecraft","wood","0"
"minecraft:stone_axe","minecraft","stone","1"
"minecraft:stone_brick_slab","minecraft","wood","0"
"minecraft:stone_brick_stairs","minecraft","wood","0"
"minecraft:stone_brick_wall","minecraft","wood","0"
"minecraft:stone_bricks","minecraft","wood","0"
"minecraft:stone_button","minecraft","wood","0"
"minecraft:stone_hoe","minecraft","stone","1"
"minecraft:stone_pickaxe","minecraft","stone","1"
"minecraft:stone_pressure_plate","minecraft","wood","0"
"minecraft:stone_shovel","minecraft","stone","1"
"minecraft:stone_slab","minecraft","wood","0"
"minecraft:stone_stairs","minecraft","wood","0"
"minecraft:stone_sword","minecraft","stone","1"
"minecraft:stonecutter","minecraft","wood","0"
"minecraft:stray_spawn_egg","minecraft","wood","0"
"minecraft:strider_spawn_egg","minecraft","wood","0"
"minecraft:string","minecraft","wood","0"
"minecraft:stripped_acacia_log","minecraft","wood","0"
"minecraft:stripped_acacia_wood","minecraft","wood","0"
"minecraft:stripped_bamboo_block","minecraft","wood","0"
"minecraft:stripped_birch_log","minecraft","wood","0"
"minecraft:stripped_birch_wood","minecraft","wood","0"
"minecraft:stripped_cherry_log","minecraft","wood","0"
"minecraft:stripped_cherry_wood","minecraft","wood","0"
"minecraft:stripped_crimson_hyphae","minecraft","wood","0"
"minecraft:stripped_crimson_stem","minecraft","wood","0"
"minecraft:stripped_dark_oak_log","minecraft","wood","0"
"minecraft:stripped_dark_oak_wood","minecraft","wood","0"
"minecraft:stripped_jungle_log","minecraft","wood","0"
"minecraft:stripped_jungle_wood","minecraft","wood","0"
"minecraft:stripped_mangrove_log","minecraft","wood","0"
"minecraft:stripped_mangrove_wood","minecraft","wood","0"
"minecraft:stripped_oak_log","minecraft","wood","0"
"minecraft:stripped_oak_wood","minecraft","wood","0"
"minecraft:stripped_spruce_log","minecraft","wood","0"
"minecraft:stripped_spruce_wood","minecraft","wood","0"
"minecraft:stripped_warped_hyphae","minecraft","wood","0"
"minecraft:stripped_warped_stem","minecraft","wood","0"
"minecraft:structure_block","minecraft","wood","0"
"minecraft:structure_void","minecraft","wood","0"
"minecraft:sugar","minecraft","wood","0"
"minecraft:sugar_cane","minecraft","wood","0"
"minecraft:sunflower","minecraft","wood","0"
"minecraft:suspicious_gravel","minecraft","wood","0"
"minecraft:suspicious_sand","minecraft","wood","0"
"minecraft:suspicious_stew","minecraft","wood","0"
"minecraft:sweet_berries","minecraft","wood","0"
"minecraft:tadpole_bucket","minecraft","wood","0"
"minecraft:tadpole_spawn_egg","minecraft","wood","0"
"minecraft:tall_grass","minecraft","wood","0"
"minecraft:target","minecraft","wood","0"
"minecraft:terracotta","minecraft","wood","0"
"minecraft:tide_armor_trim_smithing_template","minecraft","wood","0"
"minecraft:tinted_glass","minecraft","wood","0"
"minecraft:tipped_arrow","minecraft","wood","0"
"minecraft:tnt","minecraft","wood","0"
"minecraft:tnt_minecart","minecraft","wood","0"
"minecraft:torch","minecraft","wood","0"
"minecraft:torchflower","minecraft","wood","0"
"minecraft:torchflower_seeds","minecraft","wood","0"
"minecraft:totem_of_undying","minecraft","wood","0"
"minecraft:trader_llama_spawn_egg","minecraft","wood","0"
"minecraft:trapped_chest","minecraft","wood","0"
"minecraft:trial_key","minecraft","wood","0"
"minecraft:trial_spawner","minecraft","wood","0"
"minecraft:trident","minecraft","wood","0"
"minecraft:tripwire_hook","minecraft","wood","0"
"minecraft:tropical_fish","minecraft","wood","0"
"minecraft:tropical_fish_bucket","minecraft","wood","0"
"minecraft:tropical_fish_spawn_egg","minecraft","wood","0"
"minecraft:tube_coral","minecraft","wood","0"
"minecraft:tube_coral_block","minecraft","wood","0"
"minecraft:tube_coral_fan","minecraft","wood","0"
"minecraft:tuff","minecraft","wood","0"
"minecraft:tuff_brick_slab","minecraft","wood","0"
"minecraft:tuff_brick_stairs","minecraft","wood","0"
"minecraft:tuff_brick_wall","minecraft","wood","0"
"minecraft:tuff_bricks","minecraft","wood","0"
"minecraft:tuff_slab","minecraft","wood","0"
"minecraft:tuff_stairs","minecraft","wood","0"
"minecraft:tuff_wall","minecraft","wood","0"
"minecraft:turtle_egg","minecraft","wood","0"
"minecraft:turtle_helmet","minecraft","wood","0"
"minecraft:turtle_scute","minecraft","wood","0"
"minecraft:turtle_spawn_egg","minecraft","wood","0"
"minecraft:twisting_vines","minecraft","wood","0"
"minecraft:vault","minecraft","wood","0"
"minecraft:verdant_froglight","minecraft","wood","0"
"minecraft:vex_armor_trim_smithing_template","minecraft","wood","0"
"minecraft:vex_spawn_egg","minecraft","wood","0"
"minecraft:villager_spawn_egg","minecraft","wood","0"
"minecraft:vindicator_spawn_egg","minecraft","wood","0"
"minecraft:vine","minecraft","wood","0"
"minecraft:wandering_trader_spawn_egg","minecraft","wood","0"
"minecraft:ward_armor_trim_smithing_template","minecraft","wood","0"
"minecraft:warden_spawn_egg","minecraft","wood","0"
"minecraft:warped_button","minecraft","wood","0"
"minecraft:warped_door","minecraft","wood","0"
"minecraft:warped_fence","minecraft","wood","0"
"minecraft:warped_fence_gate","minecraft","wood","0"
"minecraft:warped_fungus","minecraft","wood","0"
"minecraft:warped_fungus_on_a_stick","minecraft","wood","0"
"minecraft:warped_hanging_sign","minecraft","wood","0"
"minecraft:warped_hyphae","minecraft","wood","0"
"minecraft:warped_nylium","minecraft","wood","0"
"minecraft:warped_planks","minecraft","wood","0"
"minecraft:warped_pressure_plate","minecraft","wood","0"
"minecraft:warped_roots","minecraft","wood","0"
"minecraft:warped_shelf","minecraft","wood","0"
"minecraft:warped_sign","minecraft","wood","0"
"minecraft:warped_slab","minecraft","wood","0"
"minecraft:warped_stairs","minecraft","wood","0"
"minecraft:warped_stem","minecraft","wood","0"
"minecraft:warped_trapdoor","minecraft","wood","0"
"minecraft:warped_wart_block","minecraft","wood","0"
"minecraft:water_bucket","minecraft","chainmail","3"
"minecraft:waxed_chiseled_copper","minecraft","wood","0"
"minecraft:waxed_copper_bars","minecraft","wood","0"
"minecraft:waxed_copper_block","minecraft","wood","0"
"minecraft:waxed_copper_bulb","minecraft","wood","0"
"minecraft:waxed_copper_chain","minecraft","wood","0"
"minecraft:waxed_copper_chest","minecraft","wood","0"
"minecraft:waxed_copper_door","minecraft","wood","0"
"minecraft:waxed_copper_golem_statue","minecraft","wood","0"
"minecraft:waxed_copper_grate","minecraft","wood","0"
"minecraft:waxed_copper_lantern","minecraft","wood","0"
"minecraft:waxed_copper_trapdoor","minecraft","wood","0"
"minecraft:waxed_cut_copper","minecraft","wood","0"
"minecraft:waxed_cut_copper_slab","minecraft","wood","0"
"minecraft:waxed_cut_copper_stairs","minecraft","wood","0"
"minecraft:waxed_exposed_chiseled_copper","minecraft","wood","0"
"minecraft:waxed_exposed_copper","minecraft","wood","0"
"minecraft:waxed_exposed_copper_bars","minecraft","wood","0"
"minecraft:waxed_exposed_copper_bulb","minecraft","wood","0"
"minecraft:waxed_exposed_copper_chain","minecraft","wood","0"
"minecraft:waxed_exposed_copper_chest","minecraft","wood","0"
"minecraft:waxed_exposed_copper_door","minecraft","wood","0"
"minecraft:waxed_exposed_copper_golem_statue","minecraft","wood","0"
"minecraft:waxed_exposed_copper_grate","minecraft","wood","0"
"minecraft:waxed_exposed_copper_lantern","minecraft","wood","0"
"minecraft:waxed_exposed_copper_trapdoor","minecraft","wood","0"
"minecraft:waxed_exposed_cut_copper","minecraft","wood","0"
"minecraft:waxed_exposed_cut_copper_slab","minecraft","wood","0"
"minecraft:waxed_exposed_cut_copper_stairs","minecraft","wood","0"
"minecraft:waxed_exposed_lightning_rod","minecraft","wood","0"
"minecraft:waxed_lightning_rod","minecraft","wood","0"
"minecraft:waxed_oxidized_chiseled_copper","minecraft","wood","0"
"minecraft:waxed_oxidized_copper","minecraft","wood","0"
"minecraft:waxed_oxidized_copper_bars","minecraft","wood","0"
"minecraft:waxed_oxidized_copper_bulb","minecraft","wood","0"
"minecraft:waxed_oxidized_copper_chain","minecraft","wood","0"
"minecraft:waxed_oxidized_copper_chest","minecraft","wood","0"
"minecraft:waxed_oxidized_copper_door","minecraft","wood","0"
"minecraft:waxed_oxidized_copper_golem_statue","minecraft","wood","0"
"minecraft:waxed_oxidized_copper_grate","minecraft","wood","0"
"minecraft:waxed_oxidized_copper_lantern","minecraft","wood","0"
"minecraft:waxed_oxidized_copper_trapdoor","minecraft","wood","0"
"minecraft:waxed_oxidized_cut_copper","minecraft","wood","0"
"minecraft:waxed_oxidized_cut_copper_slab","minecraft","wood","0"
"minecraft:waxed_oxidized_cut_copper_stairs","minecraft","wood","0"
"minecraft:waxed_oxidized_lightning_rod","minecraft","wood","0"
"minecraft:waxed_weathered_chiseled_copper","minecraft","wood","0"
"minecraft:waxed_weathered_copper","minecraft","wood","0"
"minecraft:waxed_weathered_copper_bars","minecraft","wood","0"
"minecraft:waxed_weathered_copper_bulb","minecraft","wood","0"
"minecraft:waxed_weathered_copper_chain","minecraft","wood","0"
"minecraft:waxed_weathered_copper_chest","minecraft","wood","0"
"minecraft:waxed_weathered_copper_door","minecraft","wood","0"
"minecraft:waxed_weathered_copper_golem_statue","minecraft","wood","0"
"minecraft:waxed_weathered_copper_grate","minecraft","wood","0"
"minecraft:waxed_weathered_copper_lantern","minecraft","wood","0"
"minecraft:waxed_weathered_copper_trapdoor","minecraft","wood","0"
"minecraft:waxed_weathered_cut_copper","minecraft","wood","0"
"minecraft:waxed_weathered_cut_copper_slab","minecraft","wood","0"
"minecraft:waxed_weathered_cut_copper_stairs","minecraft","wood","0"
"minecraft:waxed_weathered_lightning_rod","minecraft","wood","0"
"minecraft:wayfinder_armor_trim_smithing_template","minecraft","wood","0"
"minecraft:weathered_chiseled_copper","minecraft","wood","0"
"minecraft:weathered_copper","minecraft","wood","0"
"minecraft:weathered_copper_bars","minecraft","wood","0"
"minecraft:weathered_copper_bulb","minecraft","wood","0"
"minecraft:weathered_copper_chain","minecraft","wood","0"
"minecraft:weathered_copper_chest","minecraft","wood","0"
"minecraft:weathered_copper_door","minecraft","wood","0"
"minecraft:weathered_copper_golem_statue","minecraft","wood","0"
"minecraft:weathered_copper_grate","minecraft","wood","0"
"minecraft:weathered_copper_lantern","minecraft","wood","0"
"minecraft:weathered_copper_trapdoor","minecraft","wood","0"
"minecraft:weathered_cut_copper","minecraft","wood","0"
"minecraft:weathered_cut_copper_slab","minecraft","wood","0"
"minecraft:weathered_cut_copper_stairs","minecraft","wood","0"
"minecraft:weathered_lightning_rod","minecraft","wood","0"
"minecraft:weeping_vines","minecraft","wood","0"
"minecraft:wet_sponge","minecraft","wood","0"
"minecraft:wheat","minecraft","wood","0"
"minecraft:wheat_seeds","minecraft","wood","0"
"minecraft:white_banner","minecraft","wood","0"
"minecraft:white_bed","minecraft","wood","0"
"minecraft:white_candle","minecraft","wood","0"
"minecraft:white_carpet","minecraft","wood","0"
"minecraft:white_concrete","minecraft","wood","0"
"minecraft:white_concrete_powder","minecraft","wood","0"
"minecraft:white_dye","minecraft","wood","0"
"minecraft:white_glazed_terracotta","minecraft","wood","0"
"minecraft:white_shulker_box","minecraft","ascended","8"
"minecraft:white_stained_glass","minecraft","wood","0"
"minecraft:white_stained_glass_pane","minecraft","wood","0"
"minecraft:white_terracotta","minecraft","wood","0"
"minecraft:white_tulip","minecraft","wood","0"
"minecraft:white_wool","minecraft","wood","0"
"minecraft:wild_armor_trim_smithing_template","minecraft","wood","0"
"minecraft:wind_charge","minecraft","wood","0"
"minecraft:witch_spawn_egg","minecraft","wood","0"
"minecraft:wither_rose","minecraft","wood","0"
"minecraft:wither_skeleton_skull","minecraft","wood","0"
"minecraft:wither_skeleton_spawn_egg","minecraft","wood","0"
"minecraft:wither_spawn_egg","minecraft","wood","0"
"minecraft:wolf_armor","minecraft","wood","0"
"minecraft:wolf_spawn_egg","minecraft","wood","0"
"minecraft:wooden_axe","minecraft","wood","0"
"minecraft:wooden_hoe","minecraft","wood","0"
"minecraft:wooden_pickaxe","minecraft","wood","0"
"minecraft:wooden_shovel","minecraft","wood","0"
"minecraft:wooden_sword","minecraft","wood","0"
"minecraft:writable_book","minecraft","wood","0"
"minecraft:written_book","minecraft","wood","0"
"minecraft:yellow_banner","minecraft","wood","0"
"minecraft:yellow_bed","minecraft","wood","0"
"minecraft:yellow_candle","minecraft","wood","0"
"minecraft:yellow_carpet","minecraft","wood","0"
"minecraft:yellow_concrete","minecraft","wood","0"
"minecraft:yellow_concrete_powder","minecraft","wood","0"
"minecraft:yellow_dye","minecraft","wood","0"
"minecraft:yellow_glazed_terracotta","minecraft","wood","0"
"minecraft:yellow_shulker_box","minecraft","ascended","8"
"minecraft:yellow_stained_glass","minecraft","wood","0"
"minecraft:yellow_stained_glass_pane","minecraft","wood","0"
"minecraft:yellow_terracotta","minecraft","wood","0"
"minecraft:yellow_wool","minecraft","wood","0"
"minecraft:zoglin_spawn_egg","minecraft","wood","0"
"minecraft:zombie_head","minecraft","wood","0"
"minecraft:zombie_horse_spawn_egg","minecraft","wood","0"
"minecraft:zombie_spawn_egg","minecraft","wood","0"
"minecraft:zombie_villager_spawn_egg","minecraft","wood","0"
"minecraft:zombified_piglin_spawn_egg","minecraft","wood","0"
"moredelight:bread_slice","moredelight","wood","0"
"moredelight:carrot_soup","moredelight","wood","0"
"moredelight:chicken_salad","moredelight","wood","0"
"moredelight:chicken_sandwich_with_egg_and_tomato","moredelight","wood","0"
"moredelight:chocolate_popsicle","moredelight","wood","0"
"moredelight:cooked_rice_with_beef","moredelight","wood","0"
"moredelight:cooked_rice_with_chicken_cuts","moredelight","wood","0"
"moredelight:cooked_rice_with_porkchop","moredelight","wood","0"
"moredelight:creamy_pasta_with_chicken_cuts","moredelight","wood","0"
"moredelight:creamy_pasta_with_ham","moredelight","wood","0"
"moredelight:diced_potatoes","moredelight","wood","0"
"moredelight:diced_potatoes_with_beef","moredelight","wood","0"
"moredelight:diced_potatoes_with_chicken_cuts","moredelight","wood","0"
"moredelight:diced_potatoes_with_egg_and_tomato","moredelight","wood","0"
"moredelight:diced_potatoes_with_porkchop","moredelight","wood","0"
"moredelight:egg_with_bacon_sandwich","moredelight","wood","0"
"moredelight:hamburger_with_egg","moredelight","wood","0"
"moredelight:loaded_hamburger","moredelight","wood","0"
"moredelight:mashed_potatoes","moredelight","wood","0"
"moredelight:omelette","moredelight","wood","0"
"moredelight:porkchop_sandwich","moredelight","wood","0"
"moredelight:potato_salad","moredelight","wood","0"
"moredelight:simple_hamburger","moredelight","wood","0"
"moredelight:steak_sandwich","moredelight","wood","0"
"moredelight:stone_knife","moredelight","stone","1"
"moredelight:toast","moredelight","wood","0"
"moredelight:toast_with_chocolate","moredelight","wood","0"
"moredelight:toast_with_egg","moredelight","wood","0"
"moredelight:toast_with_glow_berries","moredelight","wood","0"
"moredelight:toast_with_honey","moredelight","wood","0"
"moredelight:toast_with_sweet_berries","moredelight","wood","0"
"moredelight:tomato_sandwich","moredelight","wood","0"
"moredelight:wooden_knife","moredelight","wood","0"
"naturalist:alligator_egg","naturalist","wood","0"
"naturalist:alligator_spawn_egg","naturalist","wood","0"
"naturalist:anglerfish","naturalist","wood","0"
"naturalist:anglerfish_bucket","naturalist","wood","0"
"naturalist:anglerfish_spawn_egg","naturalist","wood","0"
"naturalist:ant","naturalist","wood","0"
"naturalist:ant_hill","naturalist","wood","0"
"naturalist:ant_spawn_egg","naturalist","wood","0"
"naturalist:antler","naturalist","wood","0"
"naturalist:azure_froglass","naturalist","wood","0"
"naturalist:azure_froglass_pane","naturalist","wood","0"
"naturalist:bass","naturalist","wood","0"
"naturalist:bass_bucket","naturalist","wood","0"
"naturalist:bass_spawn_egg","naturalist","wood","0"
"naturalist:bear_spawn_egg","naturalist","wood","0"
"naturalist:bird_spawn_egg","naturalist","wood","0"
"naturalist:black_bear_spawn_egg","naturalist","wood","0"
"naturalist:blobfish","naturalist","wood","0"
"naturalist:blobfish_bucket","naturalist","wood","0"
"naturalist:blobfish_spawn_egg","naturalist","wood","0"
"naturalist:blue_starfish","naturalist","wood","0"
"naturalist:boar_spawn_egg","naturalist","wood","0"
"naturalist:bushmeat","naturalist","wood","0"
"naturalist:butterfly","naturalist","wood","0"
"naturalist:butterfly_spawn_egg","naturalist","wood","0"
"naturalist:capture_net","naturalist","iron","4"
"naturalist:capybara_spawn_egg","naturalist","wood","0"
"naturalist:caterpillar","naturalist","wood","0"
"naturalist:caterpillar_spawn_egg","naturalist","wood","0"
"naturalist:catfish","naturalist","wood","0"
"naturalist:catfish_bucket","naturalist","wood","0"
"naturalist:catfish_spawn_egg","naturalist","wood","0"
"naturalist:chrysalis","naturalist","wood","0"
"naturalist:clam_meat","naturalist","wood","0"
"naturalist:clam_spawn_egg","naturalist","wood","0"
"naturalist:cooked_anglerfish","naturalist","wood","0"
"naturalist:cooked_bass","naturalist","wood","0"
"naturalist:cooked_blobfish","naturalist","wood","0"
"naturalist:cooked_bushmeat","naturalist","wood","0"
"naturalist:cooked_catfish","naturalist","wood","0"
"naturalist:cooked_clam_meat","naturalist","wood","0"
"naturalist:cooked_crab_meat","naturalist","wood","0"
"naturalist:cooked_drumstick","naturalist","wood","0"
"naturalist:cooked_duck","naturalist","wood","0"
"naturalist:cooked_egg","naturalist","wood","0"
"naturalist:cooked_lizard_tail","naturalist","wood","0"
"naturalist:cooked_mammoth_meat","naturalist","wood","0"
"naturalist:cooked_piranha","naturalist","wood","0"
"naturalist:cooked_venison","naturalist","wood","0"
"naturalist:crab","naturalist","wood","0"
"naturalist:crab_meat","naturalist","wood","0"
"naturalist:crab_spawn_egg","naturalist","wood","0"
"naturalist:crimson_froglass","naturalist","wood","0"
"naturalist:crimson_froglass_pane","naturalist","wood","0"
"naturalist:cut_shellstone","naturalist","wood","0"
"naturalist:cut_shellstone_slab","naturalist","wood","0"
"naturalist:cut_shellstone_stairs","naturalist","wood","0"
"naturalist:cut_shellstone_wall","naturalist","wood","0"
"naturalist:deer_spawn_egg","naturalist","wood","0"
"naturalist:desert_scorpion_spawn_egg","naturalist","wood","0"
"naturalist:dragonfly_spawn_egg","naturalist","wood","0"
"naturalist:drumstick","naturalist","wood","0"
"naturalist:duck","naturalist","wood","0"
"naturalist:duck_bucket","naturalist","wood","0"
"naturalist:duck_egg","naturalist","wood","0"
"naturalist:duck_spawn_egg","naturalist","wood","0"
"naturalist:elephant_spawn_egg","naturalist","wood","0"
"naturalist:fat","naturalist","wood","0"
"naturalist:firefly_spawn_egg","naturalist","wood","0"
"naturalist:fur","naturalist","wood","0"
"naturalist:giant_isopod_bucket","naturalist","wood","0"
"naturalist:giant_isopod_spawn_egg","naturalist","wood","0"
"naturalist:giraffe_spawn_egg","naturalist","wood","0"
"naturalist:glow_goop","naturalist","wood","0"
"naturalist:great_white_shark_spawn_egg","naturalist","wood","0"
"naturalist:hedgehog","naturalist","wood","0"
"naturalist:hedgehog_spawn_egg","naturalist","wood","0"
"naturalist:hide","naturalist","wood","0"
"naturalist:hippo_spawn_egg","naturalist","wood","0"
"naturalist:jellyfish_bucket","naturalist","wood","0"
"naturalist:jellyfish_spawn_egg","naturalist","wood","0"
"naturalist:jungle_scorpion_spawn_egg","naturalist","wood","0"
"naturalist:knapsack","naturalist","wood","0"
"naturalist:komodo_dragon_spawn_egg","naturalist","wood","0"
"naturalist:lion_spawn_egg","naturalist","wood","0"
"naturalist:lizard_spawn_egg","naturalist","wood","0"
"naturalist:lizard_tail","naturalist","wood","0"
"naturalist:mammoth_meat","naturalist","wood","0"
"naturalist:mammoth_spawn_egg","naturalist","wood","0"
"naturalist:mole_spawn_egg","naturalist","wood","0"
"naturalist:morsel","naturalist","wood","0"
"naturalist:music_disc_death_by_hogs","naturalist","wood","0"
"naturalist:music_disc_wild_ones","naturalist","wood","0"
"naturalist:orange_starfish","naturalist","wood","0"
"naturalist:ostrich_egg","naturalist","wood","0"
"naturalist:ostrich_spawn_egg","naturalist","wood","0"
"naturalist:piranha","naturalist","wood","0"
"naturalist:piranha_bucket","naturalist","wood","0"
"naturalist:piranha_spawn_egg","naturalist","wood","0"
"naturalist:plush_bear","naturalist","wood","0"
"naturalist:purple_starfish","naturalist","wood","0"
"naturalist:queen_ant","naturalist","wood","0"
"naturalist:rat","naturalist","wood","0"
"naturalist:rat_spawn_egg","naturalist","wood","0"
"naturalist:ray_bucket","naturalist","wood","0"
"naturalist:ray_spawn_egg","naturalist","wood","0"
"naturalist:red_starfish","naturalist","wood","0"
"naturalist:rhino_spawn_egg","naturalist","wood","0"
"naturalist:scorpion","naturalist","wood","0"
"naturalist:scorpion_poison_gland","naturalist","wood","0"
"naturalist:shellstone","naturalist","wood","0"
"naturalist:shellstone_brick_slab","naturalist","wood","0"
"naturalist:shellstone_brick_stairs","naturalist","wood","0"
"naturalist:shellstone_brick_wall","naturalist","wood","0"
"naturalist:shellstone_bricks","naturalist","wood","0"
"naturalist:shellstone_slab","naturalist","wood","0"
"naturalist:shellstone_stairs","naturalist","wood","0"
"naturalist:shellstone_wall","naturalist","wood","0"
"naturalist:smooth_shellstone","naturalist","wood","0"
"naturalist:smooth_shellstone_slab","naturalist","wood","0"
"naturalist:smooth_shellstone_stairs","naturalist","wood","0"
"naturalist:smooth_shellstone_wall","naturalist","wood","0"
"naturalist:snail","naturalist","wood","0"
"naturalist:snail_eggs","naturalist","wood","0"
"naturalist:snail_shell","naturalist","wood","0"
"naturalist:snail_spawn_egg","naturalist","wood","0"
"naturalist:snake_spawn_egg","naturalist","wood","0"
"naturalist:starfish_bucket","naturalist","wood","0"
"naturalist:starfish_spawn_egg","naturalist","wood","0"
"naturalist:tiger_spawn_egg","naturalist","wood","0"
"naturalist:tooth","naturalist","wood","0"
"naturalist:tortoise_egg","naturalist","wood","0"
"naturalist:tortoise_spawn_egg","naturalist","wood","0"
"naturalist:turkey_spawn_egg","naturalist","wood","0"
"naturalist:venison","naturalist","wood","0"
"naturalist:verdant_froglass","naturalist","wood","0"
"naturalist:verdant_froglass_pane","naturalist","wood","0"
"naturalist:vulture_spawn_egg","naturalist","wood","0"
"naturalist:whale_spawn_egg","naturalist","wood","0"
"naturalist:whistle","naturalist","wood","0"
"naturalist:zebra_spawn_egg","naturalist","wood","0"
"offroad:borehead_bearing","offroad","nether","6"
"offroad:large_tire","offroad","nether","6"
"offroad:monstrous_tire","offroad","nether","6"
"offroad:rockcutting_wheel","offroad","nether","6"
"offroad:small_tire","offroad","nether","6"
"offroad:tire","offroad","nether","6"
"offroad:wheel_mount","offroad","nether","6"
"patchouli:guide_book","patchouli","wood","0"
"railways:benchcart","railways","nether","6"
"railways:big_buffer","railways","nether","6"
"railways:black_brass_wrapped_locometal","railways","nether","6"
"railways:black_brass_wrapped_locometal_boiler","railways","nether","6"
"railways:black_conductor_cap","railways","nether","6"
"railways:black_copper_wrapped_locometal","railways","nether","6"
"railways:black_copper_wrapped_locometal_boiler","railways","nether","6"
"railways:black_copper_wrapped_locometal_smokebox","railways","nether","6"
"railways:black_flat_riveted_locometal","railways","nether","6"
"railways:black_flat_slashed_locometal","railways","nether","6"
"railways:black_folding_locometal_door","railways","nether","6"
"railways:black_four_pane_locometal_window","railways","nether","6"
"railways:black_hazard_stripes_chevron_on_black","railways","nether","6"
"railways:black_hazard_stripes_chevron_on_white","railways","nether","6"
"railways:black_hazard_stripes_diagonal_on_black","railways","nether","6"
"railways:black_hazard_stripes_diagonal_on_white","railways","nether","6"
"railways:black_hinged_locometal_door","railways","nether","6"
"railways:black_incomplete_conductor_cap","railways","nether","6"
"railways:black_iron_wrapped_locometal","railways","nether","6"
"railways:black_iron_wrapped_locometal_boiler","railways","nether","6"
"railways:black_iron_wrapped_locometal_smokebox","railways","nether","6"
"railways:black_locometal_boiler","railways","nether","6"
"railways:black_locometal_end_ladder","railways","nether","6"
"railways:black_locometal_flywheel","railways","nether","6"
"railways:black_locometal_pillar","railways","nether","6"
"railways:black_locometal_rung_ladder","railways","nether","6"
"railways:black_locometal_smokebox","railways","nether","6"
"railways:black_locometal_trapdoor","railways","nether","6"
"railways:black_locometal_vent","railways","nether","6"
"railways:black_paint_pitcher","railways","nether","6"
"railways:black_plated_locometal","railways","nether","6"
"railways:black_riveted_locometal","railways","nether","6"
"railways:black_round_pane_locometal_window","railways","nether","6"
"railways:black_single_pane_locometal_window","railways","nether","6"
"railways:black_slashed_locometal","railways","nether","6"
"railways:black_sliding_locometal_door","railways","nether","6"
"railways:black_two_pane_locometal_window","railways","nether","6"
"railways:black_wrapped_locometal_smokebox","railways","nether","6"
"railways:blue_brass_wrapped_locometal","railways","nether","6"
"railways:blue_brass_wrapped_locometal_boiler","railways","nether","6"
"railways:blue_conductor_cap","railways","nether","6"
"railways:blue_copper_wrapped_locometal","railways","nether","6"
"railways:blue_copper_wrapped_locometal_boiler","railways","nether","6"
"railways:blue_copper_wrapped_locometal_smokebox","railways","nether","6"
"railways:blue_flat_riveted_locometal","railways","nether","6"
"railways:blue_flat_slashed_locometal","railways","nether","6"
"railways:blue_folding_locometal_door","railways","nether","6"
"railways:blue_four_pane_locometal_window","railways","nether","6"
"railways:blue_hazard_stripes_chevron_on_black","railways","nether","6"
"railways:blue_hazard_stripes_chevron_on_white","railways","nether","6"
"railways:blue_hazard_stripes_diagonal_on_black","railways","nether","6"
"railways:blue_hazard_stripes_diagonal_on_white","railways","nether","6"
"railways:blue_hinged_locometal_door","railways","nether","6"
"railways:blue_incomplete_conductor_cap","railways","nether","6"
"railways:blue_iron_wrapped_locometal","railways","nether","6"
"railways:blue_iron_wrapped_locometal_boiler","railways","nether","6"
"railways:blue_iron_wrapped_locometal_smokebox","railways","nether","6"
"railways:blue_locometal_boiler","railways","nether","6"
"railways:blue_locometal_end_ladder","railways","nether","6"
"railways:blue_locometal_flywheel","railways","nether","6"
"railways:blue_locometal_pillar","railways","nether","6"
"railways:blue_locometal_rung_ladder","railways","nether","6"
"railways:blue_locometal_smokebox","railways","nether","6"
"railways:blue_locometal_trapdoor","railways","nether","6"
"railways:blue_locometal_vent","railways","nether","6"
"railways:blue_paint_pitcher","railways","nether","6"
"railways:blue_plated_locometal","railways","nether","6"
"railways:blue_riveted_locometal","railways","nether","6"
"railways:blue_round_pane_locometal_window","railways","nether","6"
"railways:blue_single_pane_locometal_window","railways","nether","6"
"railways:blue_slashed_locometal","railways","nether","6"
"railways:blue_sliding_locometal_door","railways","nether","6"
"railways:blue_two_pane_locometal_window","railways","nether","6"
"railways:blue_wrapped_locometal_smokebox","railways","nether","6"
"railways:brass_wrapped_locometal","railways","nether","6"
"railways:brass_wrapped_locometal_boiler","railways","nether","6"
"railways:brown_brass_wrapped_locometal","railways","nether","6"
"railways:brown_brass_wrapped_locometal_boiler","railways","nether","6"
"railways:brown_conductor_cap","railways","nether","6"
"railways:brown_copper_wrapped_locometal","railways","nether","6"
"railways:brown_copper_wrapped_locometal_boiler","railways","nether","6"
"railways:brown_copper_wrapped_locometal_smokebox","railways","nether","6"
"railways:brown_flat_riveted_locometal","railways","nether","6"
"railways:brown_flat_slashed_locometal","railways","nether","6"
"railways:brown_folding_locometal_door","railways","nether","6"
"railways:brown_four_pane_locometal_window","railways","nether","6"
"railways:brown_hazard_stripes_chevron_on_black","railways","nether","6"
"railways:brown_hazard_stripes_chevron_on_white","railways","nether","6"
"railways:brown_hazard_stripes_diagonal_on_black","railways","nether","6"
"railways:brown_hazard_stripes_diagonal_on_white","railways","nether","6"
"railways:brown_hinged_locometal_door","railways","nether","6"
"railways:brown_incomplete_conductor_cap","railways","nether","6"
"railways:brown_iron_wrapped_locometal","railways","nether","6"
"railways:brown_iron_wrapped_locometal_boiler","railways","nether","6"
"railways:brown_iron_wrapped_locometal_smokebox","railways","nether","6"
"railways:brown_locometal_boiler","railways","nether","6"
"railways:brown_locometal_end_ladder","railways","nether","6"
"railways:brown_locometal_flywheel","railways","nether","6"
"railways:brown_locometal_pillar","railways","nether","6"
"railways:brown_locometal_rung_ladder","railways","nether","6"
"railways:brown_locometal_smokebox","railways","nether","6"
"railways:brown_locometal_trapdoor","railways","nether","6"
"railways:brown_locometal_vent","railways","nether","6"
"railways:brown_paint_pitcher","railways","nether","6"
"railways:brown_plated_locometal","railways","nether","6"
"railways:brown_riveted_locometal","railways","nether","6"
"railways:brown_round_pane_locometal_window","railways","nether","6"
"railways:brown_single_pane_locometal_window","railways","nether","6"
"railways:brown_slashed_locometal","railways","nether","6"
"railways:brown_sliding_locometal_door","railways","nether","6"
"railways:brown_two_pane_locometal_window","railways","nether","6"
"railways:brown_wrapped_locometal_smokebox","railways","nether","6"
"railways:buffer","railways","nether","6"
"railways:chartreuse_brass_wrapped_locometal","railways","nether","6"
"railways:chartreuse_brass_wrapped_locometal_boiler","railways","nether","6"
"railways:chartreuse_copper_wrapped_locometal","railways","nether","6"
"railways:chartreuse_copper_wrapped_locometal_boiler","railways","nether","6"
"railways:chartreuse_copper_wrapped_locometal_smokebox","railways","nether","6"
"railways:chartreuse_flat_riveted_locometal","railways","nether","6"
"railways:chartreuse_flat_slashed_locometal","railways","nether","6"
"railways:chartreuse_folding_locometal_door","railways","nether","6"
"railways:chartreuse_four_pane_locometal_window","railways","nether","6"
"railways:chartreuse_hazard_stripes_chevron_on_black","railways","nether","6"
"railways:chartreuse_hazard_stripes_chevron_on_white","railways","nether","6"
"railways:chartreuse_hazard_stripes_diagonal_on_black","railways","nether","6"
"railways:chartreuse_hazard_stripes_diagonal_on_white","railways","nether","6"
"railways:chartreuse_hinged_locometal_door","railways","nether","6"
"railways:chartreuse_iron_wrapped_locometal","railways","nether","6"
"railways:chartreuse_iron_wrapped_locometal_boiler","railways","nether","6"
"railways:chartreuse_iron_wrapped_locometal_smokebox","railways","nether","6"
"railways:chartreuse_locometal_boiler","railways","nether","6"
"railways:chartreuse_locometal_end_ladder","railways","nether","6"
"railways:chartreuse_locometal_flywheel","railways","nether","6"
"railways:chartreuse_locometal_pillar","railways","nether","6"
"railways:chartreuse_locometal_rung_ladder","railways","nether","6"
"railways:chartreuse_locometal_smokebox","railways","nether","6"
"railways:chartreuse_locometal_trapdoor","railways","nether","6"
"railways:chartreuse_locometal_vent","railways","nether","6"
"railways:chartreuse_paint_pitcher","railways","nether","6"
"railways:chartreuse_plated_locometal","railways","nether","6"
"railways:chartreuse_riveted_locometal","railways","nether","6"
"railways:chartreuse_round_pane_locometal_window","railways","nether","6"
"railways:chartreuse_single_pane_locometal_window","railways","nether","6"
"railways:chartreuse_slashed_locometal","railways","nether","6"
"railways:chartreuse_sliding_locometal_door","railways","nether","6"
"railways:chartreuse_two_pane_locometal_window","railways","nether","6"
"railways:chartreuse_wrapped_locometal_smokebox","railways","nether","6"
"railways:conductor_vent","railways","nether","6"
"railways:conductor_whistle","railways","nether","6"
"railways:copper_wrapped_locometal","railways","nether","6"
"railways:copper_wrapped_locometal_boiler","railways","nether","6"
"railways:copper_wrapped_locometal_smokebox","railways","nether","6"
"railways:copycat_headstock","railways","nether","6"
"railways:copycat_headstock_buffer","railways","nether","6"
"railways:copycat_headstock_knuckle_coupler","railways","nether","6"
"railways:copycat_headstock_link_and_pin","railways","nether","6"
"railways:copycat_headstock_link_and_pin_linkless","railways","nether","6"
"railways:copycat_headstock_screwlink_coupler","railways","nether","6"
"railways:copycat_headstock_split_knuckle_coupler","railways","nether","6"
"railways:cyan_brass_wrapped_locometal","railways","nether","6"
"railways:cyan_brass_wrapped_locometal_boiler","railways","nether","6"
"railways:cyan_conductor_cap","railways","nether","6"
"railways:cyan_copper_wrapped_locometal","railways","nether","6"
"railways:cyan_copper_wrapped_locometal_boiler","railways","nether","6"
"railways:cyan_copper_wrapped_locometal_smokebox","railways","nether","6"
"railways:cyan_flat_riveted_locometal","railways","nether","6"
"railways:cyan_flat_slashed_locometal","railways","nether","6"
"railways:cyan_folding_locometal_door","railways","nether","6"
"railways:cyan_four_pane_locometal_window","railways","nether","6"
"railways:cyan_hazard_stripes_chevron_on_black","railways","nether","6"
"railways:cyan_hazard_stripes_chevron_on_white","railways","nether","6"
"railways:cyan_hazard_stripes_diagonal_on_black","railways","nether","6"
"railways:cyan_hazard_stripes_diagonal_on_white","railways","nether","6"
"railways:cyan_hinged_locometal_door","railways","nether","6"
"railways:cyan_incomplete_conductor_cap","railways","nether","6"
"railways:cyan_iron_wrapped_locometal","railways","nether","6"
"railways:cyan_iron_wrapped_locometal_boiler","railways","nether","6"
"railways:cyan_iron_wrapped_locometal_smokebox","railways","nether","6"
"railways:cyan_locometal_boiler","railways","nether","6"
"railways:cyan_locometal_end_ladder","railways","nether","6"
"railways:cyan_locometal_flywheel","railways","nether","6"
"railways:cyan_locometal_pillar","railways","nether","6"
"railways:cyan_locometal_rung_ladder","railways","nether","6"
"railways:cyan_locometal_smokebox","railways","nether","6"
"railways:cyan_locometal_trapdoor","railways","nether","6"
"railways:cyan_locometal_vent","railways","nether","6"
"railways:cyan_paint_pitcher","railways","nether","6"
"railways:cyan_plated_locometal","railways","nether","6"
"railways:cyan_riveted_locometal","railways","nether","6"
"railways:cyan_round_pane_locometal_window","railways","nether","6"
"railways:cyan_single_pane_locometal_window","railways","nether","6"
"railways:cyan_slashed_locometal","railways","nether","6"
"railways:cyan_sliding_locometal_door","railways","nether","6"
"railways:cyan_two_pane_locometal_window","railways","nether","6"
"railways:cyan_wrapped_locometal_smokebox","railways","nether","6"
"railways:diorite_brass_wrapped_locometal","railways","nether","6"
"railways:diorite_brass_wrapped_locometal_boiler","railways","nether","6"
"railways:diorite_copper_wrapped_locometal","railways","nether","6"
"railways:diorite_copper_wrapped_locometal_boiler","railways","nether","6"
"railways:diorite_copper_wrapped_locometal_smokebox","railways","nether","6"
"railways:diorite_flat_riveted_locometal","railways","nether","6"
"railways:diorite_flat_slashed_locometal","railways","nether","6"
"railways:diorite_folding_locometal_door","railways","nether","6"
"railways:diorite_four_pane_locometal_window","railways","nether","6"
"railways:diorite_hazard_stripes_chevron_on_black","railways","nether","6"
"railways:diorite_hazard_stripes_chevron_on_white","railways","nether","6"
"railways:diorite_hazard_stripes_diagonal_on_black","railways","nether","6"
"railways:diorite_hazard_stripes_diagonal_on_white","railways","nether","6"
"railways:diorite_hinged_locometal_door","railways","nether","6"
"railways:diorite_iron_wrapped_locometal","railways","nether","6"
"railways:diorite_iron_wrapped_locometal_boiler","railways","nether","6"
"railways:diorite_iron_wrapped_locometal_smokebox","railways","nether","6"
"railways:diorite_locometal_boiler","railways","nether","6"
"railways:diorite_locometal_end_ladder","railways","nether","6"
"railways:diorite_locometal_flywheel","railways","nether","6"
"railways:diorite_locometal_pillar","railways","nether","6"
"railways:diorite_locometal_rung_ladder","railways","nether","6"
"railways:diorite_locometal_smokebox","railways","nether","6"
"railways:diorite_locometal_trapdoor","railways","nether","6"
"railways:diorite_locometal_vent","railways","nether","6"
"railways:diorite_paint_pitcher","railways","nether","6"
"railways:diorite_plated_locometal","railways","nether","6"
"railways:diorite_riveted_locometal","railways","nether","6"
"railways:diorite_round_pane_locometal_window","railways","nether","6"
"railways:diorite_single_pane_locometal_window","railways","nether","6"
"railways:diorite_slashed_locometal","railways","nether","6"
"railways:diorite_sliding_locometal_door","railways","nether","6"
"railways:diorite_two_pane_locometal_window","railways","nether","6"
"railways:diorite_wrapped_locometal_smokebox","railways","nether","6"
"railways:dripstone_brass_wrapped_locometal","railways","nether","6"
"railways:dripstone_brass_wrapped_locometal_boiler","railways","nether","6"
"railways:dripstone_copper_wrapped_locometal","railways","nether","6"
"railways:dripstone_copper_wrapped_locometal_boiler","railways","nether","6"
"railways:dripstone_copper_wrapped_locometal_smokebox","railways","nether","6"
"railways:dripstone_flat_riveted_locometal","railways","nether","6"
"railways:dripstone_flat_slashed_locometal","railways","nether","6"
"railways:dripstone_folding_locometal_door","railways","nether","6"
"railways:dripstone_four_pane_locometal_window","railways","nether","6"
"railways:dripstone_hazard_stripes_chevron_on_black","railways","nether","6"
"railways:dripstone_hazard_stripes_chevron_on_white","railways","nether","6"
"railways:dripstone_hazard_stripes_diagonal_on_black","railways","nether","6"
"railways:dripstone_hazard_stripes_diagonal_on_white","railways","nether","6"
"railways:dripstone_hinged_locometal_door","railways","nether","6"
"railways:dripstone_iron_wrapped_locometal","railways","nether","6"
"railways:dripstone_iron_wrapped_locometal_boiler","railways","nether","6"
"railways:dripstone_iron_wrapped_locometal_smokebox","railways","nether","6"
"railways:dripstone_locometal_boiler","railways","nether","6"
"railways:dripstone_locometal_end_ladder","railways","nether","6"
"railways:dripstone_locometal_flywheel","railways","nether","6"
"railways:dripstone_locometal_pillar","railways","nether","6"
"railways:dripstone_locometal_rung_ladder","railways","nether","6"
"railways:dripstone_locometal_smokebox","railways","nether","6"
"railways:dripstone_locometal_trapdoor","railways","nether","6"
"railways:dripstone_locometal_vent","railways","nether","6"
"railways:dripstone_paint_pitcher","railways","nether","6"
"railways:dripstone_plated_locometal","railways","nether","6"
"railways:dripstone_riveted_locometal","railways","nether","6"
"railways:dripstone_round_pane_locometal_window","railways","nether","6"
"railways:dripstone_single_pane_locometal_window","railways","nether","6"
"railways:dripstone_slashed_locometal","railways","nether","6"
"railways:dripstone_sliding_locometal_door","railways","nether","6"
"railways:dripstone_two_pane_locometal_window","railways","nether","6"
"railways:dripstone_wrapped_locometal_smokebox","railways","nether","6"
"railways:empty_paint_pitcher","railways","nether","6"
"railways:flat_riveted_locometal","railways","nether","6"
"railways:flat_slashed_locometal","railways","nether","6"
"railways:folding_locometal_door","railways","nether","6"
"railways:four_pane_locometal_window","railways","nether","6"
"railways:fuel_tank","railways","nether","6"
"railways:granite_brass_wrapped_locometal","railways","nether","6"
"railways:granite_brass_wrapped_locometal_boiler","railways","nether","6"
"railways:granite_copper_wrapped_locometal","railways","nether","6"
"railways:granite_copper_wrapped_locometal_boiler","railways","nether","6"
"railways:granite_copper_wrapped_locometal_smokebox","railways","nether","6"
"railways:granite_flat_riveted_locometal","railways","nether","6"
"railways:granite_flat_slashed_locometal","railways","nether","6"
"railways:granite_folding_locometal_door","railways","nether","6"
"railways:granite_four_pane_locometal_window","railways","nether","6"
"railways:granite_hazard_stripes_chevron_on_black","railways","nether","6"
"railways:granite_hazard_stripes_chevron_on_white","railways","nether","6"
"railways:granite_hazard_stripes_diagonal_on_black","railways","nether","6"
"railways:granite_hazard_stripes_diagonal_on_white","railways","nether","6"
"railways:granite_hinged_locometal_door","railways","nether","6"
"railways:granite_iron_wrapped_locometal","railways","nether","6"
"railways:granite_iron_wrapped_locometal_boiler","railways","nether","6"
"railways:granite_iron_wrapped_locometal_smokebox","railways","nether","6"
"railways:granite_locometal_boiler","railways","nether","6"
"railways:granite_locometal_end_ladder","railways","nether","6"
"railways:granite_locometal_flywheel","railways","nether","6"
"railways:granite_locometal_pillar","railways","nether","6"
"railways:granite_locometal_rung_ladder","railways","nether","6"
"railways:granite_locometal_smokebox","railways","nether","6"
"railways:granite_locometal_trapdoor","railways","nether","6"
"railways:granite_locometal_vent","railways","nether","6"
"railways:granite_paint_pitcher","railways","nether","6"
"railways:granite_plated_locometal","railways","nether","6"
"railways:granite_riveted_locometal","railways","nether","6"
"railways:granite_round_pane_locometal_window","railways","nether","6"
"railways:granite_single_pane_locometal_window","railways","nether","6"
"railways:granite_slashed_locometal","railways","nether","6"
"railways:granite_sliding_locometal_door","railways","nether","6"
"railways:granite_two_pane_locometal_window","railways","nether","6"
"railways:granite_wrapped_locometal_smokebox","railways","nether","6"
"railways:gray_brass_wrapped_locometal","railways","nether","6"
"railways:gray_brass_wrapped_locometal_boiler","railways","nether","6"
"railways:gray_conductor_cap","railways","nether","6"
"railways:gray_copper_wrapped_locometal","railways","nether","6"
"railways:gray_copper_wrapped_locometal_boiler","railways","nether","6"
"railways:gray_copper_wrapped_locometal_smokebox","railways","nether","6"
"railways:gray_flat_riveted_locometal","railways","nether","6"
"railways:gray_flat_slashed_locometal","railways","nether","6"
"railways:gray_folding_locometal_door","railways","nether","6"
"railways:gray_four_pane_locometal_window","railways","nether","6"
"railways:gray_hazard_stripes_chevron_on_black","railways","nether","6"
"railways:gray_hazard_stripes_chevron_on_white","railways","nether","6"
"railways:gray_hazard_stripes_diagonal_on_black","railways","nether","6"
"railways:gray_hazard_stripes_diagonal_on_white","railways","nether","6"
"railways:gray_hinged_locometal_door","railways","nether","6"
"railways:gray_incomplete_conductor_cap","railways","nether","6"
"railways:gray_iron_wrapped_locometal","railways","nether","6"
"railways:gray_iron_wrapped_locometal_boiler","railways","nether","6"
"railways:gray_iron_wrapped_locometal_smokebox","railways","nether","6"
"railways:gray_locometal_boiler","railways","nether","6"
"railways:gray_locometal_end_ladder","railways","nether","6"
"railways:gray_locometal_flywheel","railways","nether","6"
"railways:gray_locometal_pillar","railways","nether","6"
"railways:gray_locometal_rung_ladder","railways","nether","6"
"railways:gray_locometal_smokebox","railways","nether","6"
"railways:gray_locometal_trapdoor","railways","nether","6"
"railways:gray_locometal_vent","railways","nether","6"
"railways:gray_paint_pitcher","railways","nether","6"
"railways:gray_plated_locometal","railways","nether","6"
"railways:gray_riveted_locometal","railways","nether","6"
"railways:gray_round_pane_locometal_window","railways","nether","6"
"railways:gray_single_pane_locometal_window","railways","nether","6"
"railways:gray_slashed_locometal","railways","nether","6"
"railways:gray_sliding_locometal_door","railways","nether","6"
"railways:gray_two_pane_locometal_window","railways","nether","6"
"railways:gray_wrapped_locometal_smokebox","railways","nether","6"
"railways:green_brass_wrapped_locometal","railways","nether","6"
"railways:green_brass_wrapped_locometal_boiler","railways","nether","6"
"railways:green_conductor_cap","railways","nether","6"
"railways:green_copper_wrapped_locometal","railways","nether","6"
"railways:green_copper_wrapped_locometal_boiler","railways","nether","6"
"railways:green_copper_wrapped_locometal_smokebox","railways","nether","6"
"railways:green_flat_riveted_locometal","railways","nether","6"
"railways:green_flat_slashed_locometal","railways","nether","6"
"railways:green_folding_locometal_door","railways","nether","6"
"railways:green_four_pane_locometal_window","railways","nether","6"
"railways:green_hazard_stripes_chevron_on_black","railways","nether","6"
"railways:green_hazard_stripes_chevron_on_white","railways","nether","6"
"railways:green_hazard_stripes_diagonal_on_black","railways","nether","6"
"railways:green_hazard_stripes_diagonal_on_white","railways","nether","6"
"railways:green_hinged_locometal_door","railways","nether","6"
"railways:green_incomplete_conductor_cap","railways","nether","6"
"railways:green_iron_wrapped_locometal","railways","nether","6"
"railways:green_iron_wrapped_locometal_boiler","railways","nether","6"
"railways:green_iron_wrapped_locometal_smokebox","railways","nether","6"
"railways:green_locometal_boiler","railways","nether","6"
"railways:green_locometal_end_ladder","railways","nether","6"
"railways:green_locometal_flywheel","railways","nether","6"
"railways:green_locometal_pillar","railways","nether","6"
"railways:green_locometal_rung_ladder","railways","nether","6"
"railways:green_locometal_smokebox","railways","nether","6"
"railways:green_locometal_trapdoor","railways","nether","6"
"railways:green_locometal_vent","railways","nether","6"
"railways:green_paint_pitcher","railways","nether","6"
"railways:green_plated_locometal","railways","nether","6"
"railways:green_riveted_locometal","railways","nether","6"
"railways:green_round_pane_locometal_window","railways","nether","6"
"railways:green_single_pane_locometal_window","railways","nether","6"
"railways:green_slashed_locometal","railways","nether","6"
"railways:green_sliding_locometal_door","railways","nether","6"
"railways:green_two_pane_locometal_window","railways","nether","6"
"railways:green_wrapped_locometal_smokebox","railways","nether","6"
"railways:handcar","railways","nether","6"
"railways:hazard_stripes_chevron_on_black","railways","nether","6"
"railways:hazard_stripes_chevron_on_white","railways","nether","6"
"railways:hazard_stripes_diagonal_on_black","railways","nether","6"
"railways:hazard_stripes_diagonal_on_white","railways","nether","6"
"railways:hinged_locometal_door","railways","nether","6"
"railways:iron_wrapped_locometal","railways","nether","6"
"railways:iron_wrapped_locometal_boiler","railways","nether","6"
"railways:iron_wrapped_locometal_smokebox","railways","nether","6"
"railways:jukeboxcart","railways","nether","6"
"railways:knuckle_coupler","railways","nether","6"
"railways:light_blue_brass_wrapped_locometal","railways","nether","6"
"railways:light_blue_brass_wrapped_locometal_boiler","railways","nether","6"
"railways:light_blue_conductor_cap","railways","nether","6"
"railways:light_blue_copper_wrapped_locometal","railways","nether","6"
"railways:light_blue_copper_wrapped_locometal_boiler","railways","nether","6"
"railways:light_blue_copper_wrapped_locometal_smokebox","railways","nether","6"
"railways:light_blue_flat_riveted_locometal","railways","nether","6"
"railways:light_blue_flat_slashed_locometal","railways","nether","6"
"railways:light_blue_folding_locometal_door","railways","nether","6"
"railways:light_blue_four_pane_locometal_window","railways","nether","6"
"railways:light_blue_hazard_stripes_chevron_on_black","railways","nether","6"
"railways:light_blue_hazard_stripes_chevron_on_white","railways","nether","6"
"railways:light_blue_hazard_stripes_diagonal_on_black","railways","nether","6"
"railways:light_blue_hazard_stripes_diagonal_on_white","railways","nether","6"
"railways:light_blue_hinged_locometal_door","railways","nether","6"
"railways:light_blue_incomplete_conductor_cap","railways","nether","6"
"railways:light_blue_iron_wrapped_locometal","railways","nether","6"
"railways:light_blue_iron_wrapped_locometal_boiler","railways","nether","6"
"railways:light_blue_iron_wrapped_locometal_smokebox","railways","nether","6"
"railways:light_blue_locometal_boiler","railways","nether","6"
"railways:light_blue_locometal_end_ladder","railways","nether","6"
"railways:light_blue_locometal_flywheel","railways","nether","6"
"railways:light_blue_locometal_pillar","railways","nether","6"
"railways:light_blue_locometal_rung_ladder","railways","nether","6"
"railways:light_blue_locometal_smokebox","railways","nether","6"
"railways:light_blue_locometal_trapdoor","railways","nether","6"
"railways:light_blue_locometal_vent","railways","nether","6"
"railways:light_blue_paint_pitcher","railways","nether","6"
"railways:light_blue_plated_locometal","railways","nether","6"
"railways:light_blue_riveted_locometal","railways","nether","6"
"railways:light_blue_round_pane_locometal_window","railways","nether","6"
"railways:light_blue_single_pane_locometal_window","railways","nether","6"
"railways:light_blue_slashed_locometal","railways","nether","6"
"railways:light_blue_sliding_locometal_door","railways","nether","6"
"railways:light_blue_two_pane_locometal_window","railways","nether","6"
"railways:light_blue_wrapped_locometal_smokebox","railways","nether","6"
"railways:light_gray_brass_wrapped_locometal","railways","nether","6"
"railways:light_gray_brass_wrapped_locometal_boiler","railways","nether","6"
"railways:light_gray_conductor_cap","railways","nether","6"
"railways:light_gray_copper_wrapped_locometal","railways","nether","6"
"railways:light_gray_copper_wrapped_locometal_boiler","railways","nether","6"
"railways:light_gray_copper_wrapped_locometal_smokebox","railways","nether","6"
"railways:light_gray_flat_riveted_locometal","railways","nether","6"
"railways:light_gray_flat_slashed_locometal","railways","nether","6"
"railways:light_gray_folding_locometal_door","railways","nether","6"
"railways:light_gray_four_pane_locometal_window","railways","nether","6"
"railways:light_gray_hazard_stripes_chevron_on_black","railways","nether","6"
"railways:light_gray_hazard_stripes_chevron_on_white","railways","nether","6"
"railways:light_gray_hazard_stripes_diagonal_on_black","railways","nether","6"
"railways:light_gray_hazard_stripes_diagonal_on_white","railways","nether","6"
"railways:light_gray_hinged_locometal_door","railways","nether","6"
"railways:light_gray_incomplete_conductor_cap","railways","nether","6"
"railways:light_gray_iron_wrapped_locometal","railways","nether","6"
"railways:light_gray_iron_wrapped_locometal_boiler","railways","nether","6"
"railways:light_gray_iron_wrapped_locometal_smokebox","railways","nether","6"
"railways:light_gray_locometal_boiler","railways","nether","6"
"railways:light_gray_locometal_end_ladder","railways","nether","6"
"railways:light_gray_locometal_flywheel","railways","nether","6"
"railways:light_gray_locometal_pillar","railways","nether","6"
"railways:light_gray_locometal_rung_ladder","railways","nether","6"
"railways:light_gray_locometal_smokebox","railways","nether","6"
"railways:light_gray_locometal_trapdoor","railways","nether","6"
"railways:light_gray_locometal_vent","railways","nether","6"
"railways:light_gray_paint_pitcher","railways","nether","6"
"railways:light_gray_plated_locometal","railways","nether","6"
"railways:light_gray_riveted_locometal","railways","nether","6"
"railways:light_gray_round_pane_locometal_window","railways","nether","6"
"railways:light_gray_single_pane_locometal_window","railways","nether","6"
"railways:light_gray_slashed_locometal","railways","nether","6"
"railways:light_gray_sliding_locometal_door","railways","nether","6"
"railways:light_gray_two_pane_locometal_window","railways","nether","6"
"railways:light_gray_wrapped_locometal_smokebox","railways","nether","6"
"railways:lime_brass_wrapped_locometal","railways","nether","6"
"railways:lime_brass_wrapped_locometal_boiler","railways","nether","6"
"railways:lime_conductor_cap","railways","nether","6"
"railways:lime_copper_wrapped_locometal","railways","nether","6"
"railways:lime_copper_wrapped_locometal_boiler","railways","nether","6"
"railways:lime_copper_wrapped_locometal_smokebox","railways","nether","6"
"railways:lime_flat_riveted_locometal","railways","nether","6"
"railways:lime_flat_slashed_locometal","railways","nether","6"
"railways:lime_folding_locometal_door","railways","nether","6"
"railways:lime_four_pane_locometal_window","railways","nether","6"
"railways:lime_hazard_stripes_chevron_on_black","railways","nether","6"
"railways:lime_hazard_stripes_chevron_on_white","railways","nether","6"
"railways:lime_hazard_stripes_diagonal_on_black","railways","nether","6"
"railways:lime_hazard_stripes_diagonal_on_white","railways","nether","6"
"railways:lime_hinged_locometal_door","railways","nether","6"
"railways:lime_incomplete_conductor_cap","railways","nether","6"
"railways:lime_iron_wrapped_locometal","railways","nether","6"
"railways:lime_iron_wrapped_locometal_boiler","railways","nether","6"
"railways:lime_iron_wrapped_locometal_smokebox","railways","nether","6"
"railways:lime_locometal_boiler","railways","nether","6"
"railways:lime_locometal_end_ladder","railways","nether","6"
"railways:lime_locometal_flywheel","railways","nether","6"
"railways:lime_locometal_pillar","railways","nether","6"
"railways:lime_locometal_rung_ladder","railways","nether","6"
"railways:lime_locometal_smokebox","railways","nether","6"
"railways:lime_locometal_trapdoor","railways","nether","6"
"railways:lime_locometal_vent","railways","nether","6"
"railways:lime_paint_pitcher","railways","nether","6"
"railways:lime_plated_locometal","railways","nether","6"
"railways:lime_riveted_locometal","railways","nether","6"
"railways:lime_round_pane_locometal_window","railways","nether","6"
"railways:lime_single_pane_locometal_window","railways","nether","6"
"railways:lime_slashed_locometal","railways","nether","6"
"railways:lime_sliding_locometal_door","railways","nether","6"
"railways:lime_two_pane_locometal_window","railways","nether","6"
"railways:lime_wrapped_locometal_smokebox","railways","nether","6"
"railways:limestone_brass_wrapped_locometal","railways","nether","6"
"railways:limestone_brass_wrapped_locometal_boiler","railways","nether","6"
"railways:limestone_copper_wrapped_locometal","railways","nether","6"
"railways:limestone_copper_wrapped_locometal_boiler","railways","nether","6"
"railways:limestone_copper_wrapped_locometal_smokebox","railways","nether","6"
"railways:limestone_flat_riveted_locometal","railways","nether","6"
"railways:limestone_flat_slashed_locometal","railways","nether","6"
"railways:limestone_folding_locometal_door","railways","nether","6"
"railways:limestone_four_pane_locometal_window","railways","nether","6"
"railways:limestone_hazard_stripes_chevron_on_black","railways","nether","6"
"railways:limestone_hazard_stripes_chevron_on_white","railways","nether","6"
"railways:limestone_hazard_stripes_diagonal_on_black","railways","nether","6"
"railways:limestone_hazard_stripes_diagonal_on_white","railways","nether","6"
"railways:limestone_hinged_locometal_door","railways","nether","6"
"railways:limestone_iron_wrapped_locometal","railways","nether","6"
"railways:limestone_iron_wrapped_locometal_boiler","railways","nether","6"
"railways:limestone_iron_wrapped_locometal_smokebox","railways","nether","6"
"railways:limestone_locometal_boiler","railways","nether","6"
"railways:limestone_locometal_end_ladder","railways","nether","6"
"railways:limestone_locometal_flywheel","railways","nether","6"
"railways:limestone_locometal_pillar","railways","nether","6"
"railways:limestone_locometal_rung_ladder","railways","nether","6"
"railways:limestone_locometal_smokebox","railways","nether","6"
"railways:limestone_locometal_trapdoor","railways","nether","6"
"railways:limestone_locometal_vent","railways","nether","6"
"railways:limestone_paint_pitcher","railways","nether","6"
"railways:limestone_plated_locometal","railways","nether","6"
"railways:limestone_riveted_locometal","railways","nether","6"
"railways:limestone_round_pane_locometal_window","railways","nether","6"
"railways:limestone_single_pane_locometal_window","railways","nether","6"
"railways:limestone_slashed_locometal","railways","nether","6"
"railways:limestone_sliding_locometal_door","railways","nether","6"
"railways:limestone_two_pane_locometal_window","railways","nether","6"
"railways:limestone_wrapped_locometal_smokebox","railways","nether","6"
"railways:link_and_pin","railways","nether","6"
"railways:link_and_pin_linkless","railways","nether","6"
"railways:locometal_boiler","railways","nether","6"
"railways:locometal_end_ladder","railways","nether","6"
"railways:locometal_flywheel","railways","nether","6"
"railways:locometal_pillar","railways","nether","6"
"railways:locometal_rung_ladder","railways","nether","6"
"railways:locometal_smokebox","railways","nether","6"
"railways:locometal_trapdoor","railways","nether","6"
"railways:locometal_vent","railways","nether","6"
"railways:magenta_brass_wrapped_locometal","railways","nether","6"
"railways:magenta_brass_wrapped_locometal_boiler","railways","nether","6"
"railways:magenta_conductor_cap","railways","nether","6"
"railways:magenta_copper_wrapped_locometal","railways","nether","6"
"railways:magenta_copper_wrapped_locometal_boiler","railways","nether","6"
"railways:magenta_copper_wrapped_locometal_smokebox","railways","nether","6"
"railways:magenta_flat_riveted_locometal","railways","nether","6"
"railways:magenta_flat_slashed_locometal","railways","nether","6"
"railways:magenta_folding_locometal_door","railways","nether","6"
"railways:magenta_four_pane_locometal_window","railways","nether","6"
"railways:magenta_hazard_stripes_chevron_on_black","railways","nether","6"
"railways:magenta_hazard_stripes_chevron_on_white","railways","nether","6"
"railways:magenta_hazard_stripes_diagonal_on_black","railways","nether","6"
"railways:magenta_hazard_stripes_diagonal_on_white","railways","nether","6"
"railways:magenta_hinged_locometal_door","railways","nether","6"
"railways:magenta_incomplete_conductor_cap","railways","nether","6"
"railways:magenta_iron_wrapped_locometal","railways","nether","6"
"railways:magenta_iron_wrapped_locometal_boiler","railways","nether","6"
"railways:magenta_iron_wrapped_locometal_smokebox","railways","nether","6"
"railways:magenta_locometal_boiler","railways","nether","6"
"railways:magenta_locometal_end_ladder","railways","nether","6"
"railways:magenta_locometal_flywheel","railways","nether","6"
"railways:magenta_locometal_pillar","railways","nether","6"
"railways:magenta_locometal_rung_ladder","railways","nether","6"
"railways:magenta_locometal_smokebox","railways","nether","6"
"railways:magenta_locometal_trapdoor","railways","nether","6"
"railways:magenta_locometal_vent","railways","nether","6"
"railways:magenta_paint_pitcher","railways","nether","6"
"railways:magenta_plated_locometal","railways","nether","6"
"railways:magenta_riveted_locometal","railways","nether","6"
"railways:magenta_round_pane_locometal_window","railways","nether","6"
"railways:magenta_single_pane_locometal_window","railways","nether","6"
"railways:magenta_slashed_locometal","railways","nether","6"
"railways:magenta_sliding_locometal_door","railways","nether","6"
"railways:magenta_two_pane_locometal_window","railways","nether","6"
"railways:magenta_wrapped_locometal_smokebox","railways","nether","6"
"railways:maroon_brass_wrapped_locometal","railways","nether","6"
"railways:maroon_brass_wrapped_locometal_boiler","railways","nether","6"
"railways:maroon_copper_wrapped_locometal","railways","nether","6"
"railways:maroon_copper_wrapped_locometal_boiler","railways","nether","6"
"railways:maroon_copper_wrapped_locometal_smokebox","railways","nether","6"
"railways:maroon_flat_riveted_locometal","railways","nether","6"
"railways:maroon_flat_slashed_locometal","railways","nether","6"
"railways:maroon_folding_locometal_door","railways","nether","6"
"railways:maroon_four_pane_locometal_window","railways","nether","6"
"railways:maroon_hazard_stripes_chevron_on_black","railways","nether","6"
"railways:maroon_hazard_stripes_chevron_on_white","railways","nether","6"
"railways:maroon_hazard_stripes_diagonal_on_black","railways","nether","6"
"railways:maroon_hazard_stripes_diagonal_on_white","railways","nether","6"
"railways:maroon_hinged_locometal_door","railways","nether","6"
"railways:maroon_iron_wrapped_locometal","railways","nether","6"
"railways:maroon_iron_wrapped_locometal_boiler","railways","nether","6"
"railways:maroon_iron_wrapped_locometal_smokebox","railways","nether","6"
"railways:maroon_locometal_boiler","railways","nether","6"
"railways:maroon_locometal_end_ladder","railways","nether","6"
"railways:maroon_locometal_flywheel","railways","nether","6"
"railways:maroon_locometal_pillar","railways","nether","6"
"railways:maroon_locometal_rung_ladder","railways","nether","6"
"railways:maroon_locometal_smokebox","railways","nether","6"
"railways:maroon_locometal_trapdoor","railways","nether","6"
"railways:maroon_locometal_vent","railways","nether","6"
"railways:maroon_paint_pitcher","railways","nether","6"
"railways:maroon_plated_locometal","railways","nether","6"
"railways:maroon_riveted_locometal","railways","nether","6"
"railways:maroon_round_pane_locometal_window","railways","nether","6"
"railways:maroon_single_pane_locometal_window","railways","nether","6"
"railways:maroon_slashed_locometal","railways","nether","6"
"railways:maroon_sliding_locometal_door","railways","nether","6"
"railways:maroon_two_pane_locometal_window","railways","nether","6"
"railways:maroon_wrapped_locometal_smokebox","railways","nether","6"
"railways:ochrum_brass_wrapped_locometal","railways","nether","6"
"railways:ochrum_brass_wrapped_locometal_boiler","railways","nether","6"
"railways:ochrum_copper_wrapped_locometal","railways","nether","6"
"railways:ochrum_copper_wrapped_locometal_boiler","railways","nether","6"
"railways:ochrum_copper_wrapped_locometal_smokebox","railways","nether","6"
"railways:ochrum_flat_riveted_locometal","railways","nether","6"
"railways:ochrum_flat_slashed_locometal","railways","nether","6"
"railways:ochrum_folding_locometal_door","railways","nether","6"
"railways:ochrum_four_pane_locometal_window","railways","nether","6"
"railways:ochrum_hazard_stripes_chevron_on_black","railways","nether","6"
"railways:ochrum_hazard_stripes_chevron_on_white","railways","nether","6"
"railways:ochrum_hazard_stripes_diagonal_on_black","railways","nether","6"
"railways:ochrum_hazard_stripes_diagonal_on_white","railways","nether","6"
"railways:ochrum_hinged_locometal_door","railways","nether","6"
"railways:ochrum_iron_wrapped_locometal","railways","nether","6"
"railways:ochrum_iron_wrapped_locometal_boiler","railways","nether","6"
"railways:ochrum_iron_wrapped_locometal_smokebox","railways","nether","6"
"railways:ochrum_locometal_boiler","railways","nether","6"
"railways:ochrum_locometal_end_ladder","railways","nether","6"
"railways:ochrum_locometal_flywheel","railways","nether","6"
"railways:ochrum_locometal_pillar","railways","nether","6"
"railways:ochrum_locometal_rung_ladder","railways","nether","6"
"railways:ochrum_locometal_smokebox","railways","nether","6"
"railways:ochrum_locometal_trapdoor","railways","nether","6"
"railways:ochrum_locometal_vent","railways","nether","6"
"railways:ochrum_paint_pitcher","railways","nether","6"
"railways:ochrum_plated_locometal","railways","nether","6"
"railways:ochrum_riveted_locometal","railways","nether","6"
"railways:ochrum_round_pane_locometal_window","railways","nether","6"
"railways:ochrum_single_pane_locometal_window","railways","nether","6"
"railways:ochrum_slashed_locometal","railways","nether","6"
"railways:ochrum_sliding_locometal_door","railways","nether","6"
"railways:ochrum_two_pane_locometal_window","railways","nether","6"
"railways:ochrum_wrapped_locometal_smokebox","railways","nether","6"
"railways:olive_green_brass_wrapped_locometal","railways","nether","6"
"railways:olive_green_brass_wrapped_locometal_boiler","railways","nether","6"
"railways:olive_green_copper_wrapped_locometal","railways","nether","6"
"railways:olive_green_copper_wrapped_locometal_boiler","railways","nether","6"
"railways:olive_green_copper_wrapped_locometal_smokebox","railways","nether","6"
"railways:olive_green_flat_riveted_locometal","railways","nether","6"
"railways:olive_green_flat_slashed_locometal","railways","nether","6"
"railways:olive_green_folding_locometal_door","railways","nether","6"
"railways:olive_green_four_pane_locometal_window","railways","nether","6"
"railways:olive_green_hazard_stripes_chevron_on_black","railways","nether","6"
"railways:olive_green_hazard_stripes_chevron_on_white","railways","nether","6"
"railways:olive_green_hazard_stripes_diagonal_on_black","railways","nether","6"
"railways:olive_green_hazard_stripes_diagonal_on_white","railways","nether","6"
"railways:olive_green_hinged_locometal_door","railways","nether","6"
"railways:olive_green_iron_wrapped_locometal","railways","nether","6"
"railways:olive_green_iron_wrapped_locometal_boiler","railways","nether","6"
"railways:olive_green_iron_wrapped_locometal_smokebox","railways","nether","6"
"railways:olive_green_locometal_boiler","railways","nether","6"
"railways:olive_green_locometal_end_ladder","railways","nether","6"
"railways:olive_green_locometal_flywheel","railways","nether","6"
"railways:olive_green_locometal_pillar","railways","nether","6"
"railways:olive_green_locometal_rung_ladder","railways","nether","6"
"railways:olive_green_locometal_smokebox","railways","nether","6"
"railways:olive_green_locometal_trapdoor","railways","nether","6"
"railways:olive_green_locometal_vent","railways","nether","6"
"railways:olive_green_paint_pitcher","railways","nether","6"
"railways:olive_green_plated_locometal","railways","nether","6"
"railways:olive_green_riveted_locometal","railways","nether","6"
"railways:olive_green_round_pane_locometal_window","railways","nether","6"
"railways:olive_green_single_pane_locometal_window","railways","nether","6"
"railways:olive_green_slashed_locometal","railways","nether","6"
"railways:olive_green_sliding_locometal_door","railways","nether","6"
"railways:olive_green_two_pane_locometal_window","railways","nether","6"
"railways:olive_green_wrapped_locometal_smokebox","railways","nether","6"
"railways:orange_brass_wrapped_locometal","railways","nether","6"
"railways:orange_brass_wrapped_locometal_boiler","railways","nether","6"
"railways:orange_conductor_cap","railways","nether","6"
"railways:orange_copper_wrapped_locometal","railways","nether","6"
"railways:orange_copper_wrapped_locometal_boiler","railways","nether","6"
"railways:orange_copper_wrapped_locometal_smokebox","railways","nether","6"
"railways:orange_flat_riveted_locometal","railways","nether","6"
"railways:orange_flat_slashed_locometal","railways","nether","6"
"railways:orange_folding_locometal_door","railways","nether","6"
"railways:orange_four_pane_locometal_window","railways","nether","6"
"railways:orange_hazard_stripes_chevron_on_black","railways","nether","6"
"railways:orange_hazard_stripes_chevron_on_white","railways","nether","6"
"railways:orange_hazard_stripes_diagonal_on_black","railways","nether","6"
"railways:orange_hazard_stripes_diagonal_on_white","railways","nether","6"
"railways:orange_hinged_locometal_door","railways","nether","6"
"railways:orange_incomplete_conductor_cap","railways","nether","6"
"railways:orange_iron_wrapped_locometal","railways","nether","6"
"railways:orange_iron_wrapped_locometal_boiler","railways","nether","6"
"railways:orange_iron_wrapped_locometal_smokebox","railways","nether","6"
"railways:orange_locometal_boiler","railways","nether","6"
"railways:orange_locometal_end_ladder","railways","nether","6"
"railways:orange_locometal_flywheel","railways","nether","6"
"railways:orange_locometal_pillar","railways","nether","6"
"railways:orange_locometal_rung_ladder","railways","nether","6"
"railways:orange_locometal_smokebox","railways","nether","6"
"railways:orange_locometal_trapdoor","railways","nether","6"
"railways:orange_locometal_vent","railways","nether","6"
"railways:orange_paint_pitcher","railways","nether","6"
"railways:orange_plated_locometal","railways","nether","6"
"railways:orange_riveted_locometal","railways","nether","6"
"railways:orange_round_pane_locometal_window","railways","nether","6"
"railways:orange_single_pane_locometal_window","railways","nether","6"
"railways:orange_slashed_locometal","railways","nether","6"
"railways:orange_sliding_locometal_door","railways","nether","6"
"railways:orange_two_pane_locometal_window","railways","nether","6"
"railways:orange_wrapped_locometal_smokebox","railways","nether","6"
"railways:paint_brush","railways","nether","6"
"railways:pine_green_brass_wrapped_locometal","railways","nether","6"
"railways:pine_green_brass_wrapped_locometal_boiler","railways","nether","6"
"railways:pine_green_copper_wrapped_locometal","railways","nether","6"
"railways:pine_green_copper_wrapped_locometal_boiler","railways","nether","6"
"railways:pine_green_copper_wrapped_locometal_smokebox","railways","nether","6"
"railways:pine_green_flat_riveted_locometal","railways","nether","6"
"railways:pine_green_flat_slashed_locometal","railways","nether","6"
"railways:pine_green_folding_locometal_door","railways","nether","6"
"railways:pine_green_four_pane_locometal_window","railways","nether","6"
"railways:pine_green_hazard_stripes_chevron_on_black","railways","nether","6"
"railways:pine_green_hazard_stripes_chevron_on_white","railways","nether","6"
"railways:pine_green_hazard_stripes_diagonal_on_black","railways","nether","6"
"railways:pine_green_hazard_stripes_diagonal_on_white","railways","nether","6"
"railways:pine_green_hinged_locometal_door","railways","nether","6"
"railways:pine_green_iron_wrapped_locometal","railways","nether","6"
"railways:pine_green_iron_wrapped_locometal_boiler","railways","nether","6"
"railways:pine_green_iron_wrapped_locometal_smokebox","railways","nether","6"
"railways:pine_green_locometal_boiler","railways","nether","6"
"railways:pine_green_locometal_end_ladder","railways","nether","6"
"railways:pine_green_locometal_flywheel","railways","nether","6"
"railways:pine_green_locometal_pillar","railways","nether","6"
"railways:pine_green_locometal_rung_ladder","railways","nether","6"
"railways:pine_green_locometal_smokebox","railways","nether","6"
"railways:pine_green_locometal_trapdoor","railways","nether","6"
"railways:pine_green_locometal_vent","railways","nether","6"
"railways:pine_green_paint_pitcher","railways","nether","6"
"railways:pine_green_plated_locometal","railways","nether","6"
"railways:pine_green_riveted_locometal","railways","nether","6"
"railways:pine_green_round_pane_locometal_window","railways","nether","6"
"railways:pine_green_single_pane_locometal_window","railways","nether","6"
"railways:pine_green_slashed_locometal","railways","nether","6"
"railways:pine_green_sliding_locometal_door","railways","nether","6"
"railways:pine_green_two_pane_locometal_window","railways","nether","6"
"railways:pine_green_wrapped_locometal_smokebox","railways","nether","6"
"railways:pink_brass_wrapped_locometal","railways","nether","6"
"railways:pink_brass_wrapped_locometal_boiler","railways","nether","6"
"railways:pink_conductor_cap","railways","nether","6"
"railways:pink_copper_wrapped_locometal","railways","nether","6"
"railways:pink_copper_wrapped_locometal_boiler","railways","nether","6"
"railways:pink_copper_wrapped_locometal_smokebox","railways","nether","6"
"railways:pink_flat_riveted_locometal","railways","nether","6"
"railways:pink_flat_slashed_locometal","railways","nether","6"
"railways:pink_folding_locometal_door","railways","nether","6"
"railways:pink_four_pane_locometal_window","railways","nether","6"
"railways:pink_hazard_stripes_chevron_on_black","railways","nether","6"
"railways:pink_hazard_stripes_chevron_on_white","railways","nether","6"
"railways:pink_hazard_stripes_diagonal_on_black","railways","nether","6"
"railways:pink_hazard_stripes_diagonal_on_white","railways","nether","6"
"railways:pink_hinged_locometal_door","railways","nether","6"
"railways:pink_incomplete_conductor_cap","railways","nether","6"
"railways:pink_iron_wrapped_locometal","railways","nether","6"
"railways:pink_iron_wrapped_locometal_boiler","railways","nether","6"
"railways:pink_iron_wrapped_locometal_smokebox","railways","nether","6"
"railways:pink_locometal_boiler","railways","nether","6"
"railways:pink_locometal_end_ladder","railways","nether","6"
"railways:pink_locometal_flywheel","railways","nether","6"
"railways:pink_locometal_pillar","railways","nether","6"
"railways:pink_locometal_rung_ladder","railways","nether","6"
"railways:pink_locometal_smokebox","railways","nether","6"
"railways:pink_locometal_trapdoor","railways","nether","6"
"railways:pink_locometal_vent","railways","nether","6"
"railways:pink_paint_pitcher","railways","nether","6"
"railways:pink_plated_locometal","railways","nether","6"
"railways:pink_riveted_locometal","railways","nether","6"
"railways:pink_round_pane_locometal_window","railways","nether","6"
"railways:pink_single_pane_locometal_window","railways","nether","6"
"railways:pink_slashed_locometal","railways","nether","6"
"railways:pink_sliding_locometal_door","railways","nether","6"
"railways:pink_two_pane_locometal_window","railways","nether","6"
"railways:pink_wrapped_locometal_smokebox","railways","nether","6"
"railways:plated_locometal","railways","nether","6"
"railways:portable_fuel_interface","railways","nether","6"
"railways:purple_brass_wrapped_locometal","railways","nether","6"
"railways:purple_brass_wrapped_locometal_boiler","railways","nether","6"
"railways:purple_conductor_cap","railways","nether","6"
"railways:purple_copper_wrapped_locometal","railways","nether","6"
"railways:purple_copper_wrapped_locometal_boiler","railways","nether","6"
"railways:purple_copper_wrapped_locometal_smokebox","railways","nether","6"
"railways:purple_flat_riveted_locometal","railways","nether","6"
"railways:purple_flat_slashed_locometal","railways","nether","6"
"railways:purple_folding_locometal_door","railways","nether","6"
"railways:purple_four_pane_locometal_window","railways","nether","6"
"railways:purple_hazard_stripes_chevron_on_black","railways","nether","6"
"railways:purple_hazard_stripes_chevron_on_white","railways","nether","6"
"railways:purple_hazard_stripes_diagonal_on_black","railways","nether","6"
"railways:purple_hazard_stripes_diagonal_on_white","railways","nether","6"
"railways:purple_hinged_locometal_door","railways","nether","6"
"railways:purple_incomplete_conductor_cap","railways","nether","6"
"railways:purple_iron_wrapped_locometal","railways","nether","6"
"railways:purple_iron_wrapped_locometal_boiler","railways","nether","6"
"railways:purple_iron_wrapped_locometal_smokebox","railways","nether","6"
"railways:purple_locometal_boiler","railways","nether","6"
"railways:purple_locometal_end_ladder","railways","nether","6"
"railways:purple_locometal_flywheel","railways","nether","6"
"railways:purple_locometal_pillar","railways","nether","6"
"railways:purple_locometal_rung_ladder","railways","nether","6"
"railways:purple_locometal_smokebox","railways","nether","6"
"railways:purple_locometal_trapdoor","railways","nether","6"
"railways:purple_locometal_vent","railways","nether","6"
"railways:purple_paint_pitcher","railways","nether","6"
"railways:purple_plated_locometal","railways","nether","6"
"railways:purple_riveted_locometal","railways","nether","6"
"railways:purple_round_pane_locometal_window","railways","nether","6"
"railways:purple_single_pane_locometal_window","railways","nether","6"
"railways:purple_slashed_locometal","railways","nether","6"
"railways:purple_sliding_locometal_door","railways","nether","6"
"railways:purple_two_pane_locometal_window","railways","nether","6"
"railways:purple_wrapped_locometal_smokebox","railways","nether","6"
"railways:red_brass_wrapped_locometal","railways","nether","6"
"railways:red_brass_wrapped_locometal_boiler","railways","nether","6"
"railways:red_conductor_cap","railways","nether","6"
"railways:red_copper_wrapped_locometal","railways","nether","6"
"railways:red_copper_wrapped_locometal_boiler","railways","nether","6"
"railways:red_copper_wrapped_locometal_smokebox","railways","nether","6"
"railways:red_flat_riveted_locometal","railways","nether","6"
"railways:red_flat_slashed_locometal","railways","nether","6"
"railways:red_folding_locometal_door","railways","nether","6"
"railways:red_four_pane_locometal_window","railways","nether","6"
"railways:red_hazard_stripes_chevron_on_black","railways","nether","6"
"railways:red_hazard_stripes_chevron_on_white","railways","nether","6"
"railways:red_hazard_stripes_diagonal_on_black","railways","nether","6"
"railways:red_hazard_stripes_diagonal_on_white","railways","nether","6"
"railways:red_hinged_locometal_door","railways","nether","6"
"railways:red_incomplete_conductor_cap","railways","nether","6"
"railways:red_iron_wrapped_locometal","railways","nether","6"
"railways:red_iron_wrapped_locometal_boiler","railways","nether","6"
"railways:red_iron_wrapped_locometal_smokebox","railways","nether","6"
"railways:red_locometal_boiler","railways","nether","6"
"railways:red_locometal_end_ladder","railways","nether","6"
"railways:red_locometal_flywheel","railways","nether","6"
"railways:red_locometal_pillar","railways","nether","6"
"railways:red_locometal_rung_ladder","railways","nether","6"
"railways:red_locometal_smokebox","railways","nether","6"
"railways:red_locometal_trapdoor","railways","nether","6"
"railways:red_locometal_vent","railways","nether","6"
"railways:red_paint_pitcher","railways","nether","6"
"railways:red_plated_locometal","railways","nether","6"
"railways:red_riveted_locometal","railways","nether","6"
"railways:red_round_pane_locometal_window","railways","nether","6"
"railways:red_single_pane_locometal_window","railways","nether","6"
"railways:red_slashed_locometal","railways","nether","6"
"railways:red_sliding_locometal_door","railways","nether","6"
"railways:red_two_pane_locometal_window","railways","nether","6"
"railways:red_wrapped_locometal_smokebox","railways","nether","6"
"railways:remote_lens","railways","nether","6"
"railways:riveted_locometal","railways","nether","6"
"railways:round_pane_locometal_window","railways","nether","6"
"railways:royal_blue_brass_wrapped_locometal","railways","nether","6"
"railways:royal_blue_brass_wrapped_locometal_boiler","railways","nether","6"
"railways:royal_blue_copper_wrapped_locometal","railways","nether","6"
"railways:royal_blue_copper_wrapped_locometal_boiler","railways","nether","6"
"railways:royal_blue_copper_wrapped_locometal_smokebox","railways","nether","6"
"railways:royal_blue_flat_riveted_locometal","railways","nether","6"
"railways:royal_blue_flat_slashed_locometal","railways","nether","6"
"railways:royal_blue_folding_locometal_door","railways","nether","6"
"railways:royal_blue_four_pane_locometal_window","railways","nether","6"
"railways:royal_blue_hazard_stripes_chevron_on_black","railways","nether","6"
"railways:royal_blue_hazard_stripes_chevron_on_white","railways","nether","6"
"railways:royal_blue_hazard_stripes_diagonal_on_black","railways","nether","6"
"railways:royal_blue_hazard_stripes_diagonal_on_white","railways","nether","6"
"railways:royal_blue_hinged_locometal_door","railways","nether","6"
"railways:royal_blue_iron_wrapped_locometal","railways","nether","6"
"railways:royal_blue_iron_wrapped_locometal_boiler","railways","nether","6"
"railways:royal_blue_iron_wrapped_locometal_smokebox","railways","nether","6"
"railways:royal_blue_locometal_boiler","railways","nether","6"
"railways:royal_blue_locometal_end_ladder","railways","nether","6"
"railways:royal_blue_locometal_flywheel","railways","nether","6"
"railways:royal_blue_locometal_pillar","railways","nether","6"
"railways:royal_blue_locometal_rung_ladder","railways","nether","6"
"railways:royal_blue_locometal_smokebox","railways","nether","6"
"railways:royal_blue_locometal_trapdoor","railways","nether","6"
"railways:royal_blue_locometal_vent","railways","nether","6"
"railways:royal_blue_paint_pitcher","railways","nether","6"
"railways:royal_blue_plated_locometal","railways","nether","6"
"railways:royal_blue_riveted_locometal","railways","nether","6"
"railways:royal_blue_round_pane_locometal_window","railways","nether","6"
"railways:royal_blue_single_pane_locometal_window","railways","nether","6"
"railways:royal_blue_slashed_locometal","railways","nether","6"
"railways:royal_blue_sliding_locometal_door","railways","nether","6"
"railways:royal_blue_two_pane_locometal_window","railways","nether","6"
"railways:royal_blue_wrapped_locometal_smokebox","railways","nether","6"
"railways:sandy_paint_pitcher","railways","nether","6"
"railways:scorchia_brass_wrapped_locometal","railways","nether","6"
"railways:scorchia_brass_wrapped_locometal_boiler","railways","nether","6"
"railways:scorchia_copper_wrapped_locometal","railways","nether","6"
"railways:scorchia_copper_wrapped_locometal_boiler","railways","nether","6"
"railways:scorchia_copper_wrapped_locometal_smokebox","railways","nether","6"
"railways:scorchia_flat_riveted_locometal","railways","nether","6"
"railways:scorchia_flat_slashed_locometal","railways","nether","6"
"railways:scorchia_folding_locometal_door","railways","nether","6"
"railways:scorchia_four_pane_locometal_window","railways","nether","6"
"railways:scorchia_hazard_stripes_chevron_on_black","railways","nether","6"
"railways:scorchia_hazard_stripes_chevron_on_white","railways","nether","6"
"railways:scorchia_hazard_stripes_diagonal_on_black","railways","nether","6"
"railways:scorchia_hazard_stripes_diagonal_on_white","railways","nether","6"
"railways:scorchia_hinged_locometal_door","railways","nether","6"
"railways:scorchia_iron_wrapped_locometal","railways","nether","6"
"railways:scorchia_iron_wrapped_locometal_boiler","railways","nether","6"
"railways:scorchia_iron_wrapped_locometal_smokebox","railways","nether","6"
"railways:scorchia_locometal_boiler","railways","nether","6"
"railways:scorchia_locometal_end_ladder","railways","nether","6"
"railways:scorchia_locometal_flywheel","railways","nether","6"
"railways:scorchia_locometal_pillar","railways","nether","6"
"railways:scorchia_locometal_rung_ladder","railways","nether","6"
"railways:scorchia_locometal_smokebox","railways","nether","6"
"railways:scorchia_locometal_trapdoor","railways","nether","6"
"railways:scorchia_locometal_vent","railways","nether","6"
"railways:scorchia_paint_pitcher","railways","nether","6"
"railways:scorchia_plated_locometal","railways","nether","6"
"railways:scorchia_riveted_locometal","railways","nether","6"
"railways:scorchia_round_pane_locometal_window","railways","nether","6"
"railways:scorchia_single_pane_locometal_window","railways","nether","6"
"railways:scorchia_slashed_locometal","railways","nether","6"
"railways:scorchia_sliding_locometal_door","railways","nether","6"
"railways:scorchia_two_pane_locometal_window","railways","nether","6"
"railways:scorchia_wrapped_locometal_smokebox","railways","nether","6"
"railways:screwlink_coupler","railways","nether","6"
"railways:sea_green_brass_wrapped_locometal","railways","nether","6"
"railways:sea_green_brass_wrapped_locometal_boiler","railways","nether","6"
"railways:sea_green_copper_wrapped_locometal","railways","nether","6"
"railways:sea_green_copper_wrapped_locometal_boiler","railways","nether","6"
"railways:sea_green_copper_wrapped_locometal_smokebox","railways","nether","6"
"railways:sea_green_flat_riveted_locometal","railways","nether","6"
"railways:sea_green_flat_slashed_locometal","railways","nether","6"
"railways:sea_green_folding_locometal_door","railways","nether","6"
"railways:sea_green_four_pane_locometal_window","railways","nether","6"
"railways:sea_green_hazard_stripes_chevron_on_black","railways","nether","6"
"railways:sea_green_hazard_stripes_chevron_on_white","railways","nether","6"
"railways:sea_green_hazard_stripes_diagonal_on_black","railways","nether","6"
"railways:sea_green_hazard_stripes_diagonal_on_white","railways","nether","6"
"railways:sea_green_hinged_locometal_door","railways","nether","6"
"railways:sea_green_iron_wrapped_locometal","railways","nether","6"
"railways:sea_green_iron_wrapped_locometal_boiler","railways","nether","6"
"railways:sea_green_iron_wrapped_locometal_smokebox","railways","nether","6"
"railways:sea_green_locometal_boiler","railways","nether","6"
"railways:sea_green_locometal_end_ladder","railways","nether","6"
"railways:sea_green_locometal_flywheel","railways","nether","6"
"railways:sea_green_locometal_pillar","railways","nether","6"
"railways:sea_green_locometal_rung_ladder","railways","nether","6"
"railways:sea_green_locometal_smokebox","railways","nether","6"
"railways:sea_green_locometal_trapdoor","railways","nether","6"
"railways:sea_green_locometal_vent","railways","nether","6"
"railways:sea_green_paint_pitcher","railways","nether","6"
"railways:sea_green_plated_locometal","railways","nether","6"
"railways:sea_green_riveted_locometal","railways","nether","6"
"railways:sea_green_round_pane_locometal_window","railways","nether","6"
"railways:sea_green_single_pane_locometal_window","railways","nether","6"
"railways:sea_green_slashed_locometal","railways","nether","6"
"railways:sea_green_sliding_locometal_door","railways","nether","6"
"railways:sea_green_two_pane_locometal_window","railways","nether","6"
"railways:sea_green_wrapped_locometal_smokebox","railways","nether","6"
"railways:semaphore","railways","nether","6"
"railways:single_pane_locometal_window","railways","nether","6"
"railways:slashed_locometal","railways","nether","6"
"railways:sliding_locometal_door","railways","nether","6"
"railways:small_buffer","railways","nether","6"
"railways:smokestack_caboosestyle","railways","nether","6"
"railways:smokestack_coalburner","railways","nether","6"
"railways:smokestack_coalburner_brass","railways","nether","6"
"railways:smokestack_coalburner_brass_cap_copper","railways","nether","6"
"railways:smokestack_coalburner_brass_cap_steel","railways","nether","6"
"railways:smokestack_coalburner_copper","railways","nether","6"
"railways:smokestack_coalburner_copper_cap_brass","railways","nether","6"
"railways:smokestack_coalburner_copper_cap_steel","railways","nether","6"
"railways:smokestack_coalburner_iron_cap_brass","railways","nether","6"
"railways:smokestack_coalburner_iron_cap_copper","railways","nether","6"
"railways:smokestack_coalburner_iron_cap_steel","railways","nether","6"
"railways:smokestack_diesel","railways","nether","6"
"railways:smokestack_long","railways","nether","6"
"railways:smokestack_long_brass","railways","nether","6"
"railways:smokestack_long_brass_cap_copper","railways","nether","6"
"railways:smokestack_long_brass_cap_steel","railways","nether","6"
"railways:smokestack_long_copper","railways","nether","6"
"railways:smokestack_long_copper_cap_brass","railways","nether","6"
"railways:smokestack_long_copper_cap_steel","railways","nether","6"
"railways:smokestack_long_iron_cap_brass","railways","nether","6"
"railways:smokestack_long_iron_cap_copper","railways","nether","6"
"railways:smokestack_long_iron_cap_steel","railways","nether","6"
"railways:smokestack_oilburner","railways","nether","6"
"railways:smokestack_oilburner_brass","railways","nether","6"
"railways:smokestack_oilburner_brass_cap_copper","railways","nether","6"
"railways:smokestack_oilburner_brass_cap_steel","railways","nether","6"
"railways:smokestack_oilburner_copper","railways","nether","6"
"railways:smokestack_oilburner_copper_cap_brass","railways","nether","6"
"railways:smokestack_oilburner_copper_cap_steel","railways","nether","6"
"railways:smokestack_oilburner_iron_cap_brass","railways","nether","6"
"railways:smokestack_oilburner_iron_cap_copper","railways","nether","6"
"railways:smokestack_oilburner_iron_cap_steel","railways","nether","6"
"railways:smokestack_streamlined","railways","nether","6"
"railways:smokestack_streamlined_brass","railways","nether","6"
"railways:smokestack_streamlined_brass_cap_copper","railways","nether","6"
"railways:smokestack_streamlined_brass_cap_steel","railways","nether","6"
"railways:smokestack_streamlined_copper","railways","nether","6"
"railways:smokestack_streamlined_copper_cap_brass","railways","nether","6"
"railways:smokestack_streamlined_copper_cap_steel","railways","nether","6"
"railways:smokestack_streamlined_iron_cap_brass","railways","nether","6"
"railways:smokestack_streamlined_iron_cap_copper","railways","nether","6"
"railways:smokestack_streamlined_iron_cap_steel","railways","nether","6"
"railways:smokestack_woodburner","railways","nether","6"
"railways:smokestack_woodburner_brass","railways","nether","6"
"railways:smokestack_woodburner_brass_cap_copper","railways","nether","6"
"railways:smokestack_woodburner_brass_cap_steel","railways","nether","6"
"railways:smokestack_woodburner_copper","railways","nether","6"
"railways:smokestack_woodburner_copper_cap_brass","railways","nether","6"
"railways:smokestack_woodburner_copper_cap_steel","railways","nether","6"
"railways:smokestack_woodburner_iron_cap_brass","railways","nether","6"
"railways:smokestack_woodburner_iron_cap_copper","railways","nether","6"
"railways:smokestack_woodburner_iron_cap_steel","railways","nether","6"
"railways:split_knuckle_coupler","railways","nether","6"
"railways:track_acacia","railways","nether","6"
"railways:track_acacia_narrow","railways","nether","6"
"railways:track_acacia_wide","railways","nether","6"
"railways:track_bamboo","railways","nether","6"
"railways:track_bamboo_narrow","railways","nether","6"
"railways:track_bamboo_wide","railways","nether","6"
"railways:track_birch","railways","nether","6"
"railways:track_birch_narrow","railways","nether","6"
"railways:track_birch_wide","railways","nether","6"
"railways:track_blackstone","railways","nether","6"
"railways:track_blackstone_narrow","railways","nether","6"
"railways:track_blackstone_wide","railways","nether","6"
"railways:track_cherry","railways","nether","6"
"railways:track_cherry_narrow","railways","nether","6"
"railways:track_cherry_wide","railways","nether","6"
"railways:track_coupler","railways","nether","6"
"railways:track_create_andesite_narrow","railways","nether","6"
"railways:track_create_andesite_wide","railways","nether","6"
"railways:track_crimson","railways","nether","6"
"railways:track_crimson_narrow","railways","nether","6"
"railways:track_crimson_wide","railways","nether","6"
"railways:track_dark_oak","railways","nether","6"
"railways:track_dark_oak_narrow","railways","nether","6"
"railways:track_dark_oak_wide","railways","nether","6"
"railways:track_ender","railways","nether","6"
"railways:track_ender_narrow","railways","nether","6"
"railways:track_ender_wide","railways","nether","6"
"railways:track_incomplete_acacia","railways","nether","6"
"railways:track_incomplete_acacia_narrow","railways","nether","6"
"railways:track_incomplete_acacia_wide","railways","nether","6"
"railways:track_incomplete_bamboo","railways","nether","6"
"railways:track_incomplete_bamboo_narrow","railways","nether","6"
"railways:track_incomplete_bamboo_wide","railways","nether","6"
"railways:track_incomplete_birch","railways","nether","6"
"railways:track_incomplete_birch_narrow","railways","nether","6"
"railways:track_incomplete_birch_wide","railways","nether","6"
"railways:track_incomplete_blackstone","railways","nether","6"
"railways:track_incomplete_blackstone_narrow","railways","nether","6"
"railways:track_incomplete_blackstone_wide","railways","nether","6"
"railways:track_incomplete_cherry","railways","nether","6"
"railways:track_incomplete_cherry_narrow","railways","nether","6"
"railways:track_incomplete_cherry_wide","railways","nether","6"
"railways:track_incomplete_create_andesite_narrow","railways","nether","6"
"railways:track_incomplete_create_andesite_wide","railways","nether","6"
"railways:track_incomplete_crimson","railways","nether","6"
"railways:track_incomplete_crimson_narrow","railways","nether","6"
"railways:track_incomplete_crimson_wide","railways","nether","6"
"railways:track_incomplete_dark_oak","railways","nether","6"
"railways:track_incomplete_dark_oak_narrow","railways","nether","6"
"railways:track_incomplete_dark_oak_wide","railways","nether","6"
"railways:track_incomplete_ender","railways","nether","6"
"railways:track_incomplete_ender_narrow","railways","nether","6"
"railways:track_incomplete_ender_wide","railways","nether","6"
"railways:track_incomplete_jungle","railways","nether","6"
"railways:track_incomplete_jungle_narrow","railways","nether","6"
"railways:track_incomplete_jungle_wide","railways","nether","6"
"railways:track_incomplete_mangrove","railways","nether","6"
"railways:track_incomplete_mangrove_narrow","railways","nether","6"
"railways:track_incomplete_mangrove_wide","railways","nether","6"
"railways:track_incomplete_monorail","railways","nether","6"
"railways:track_incomplete_oak","railways","nether","6"
"railways:track_incomplete_oak_narrow","railways","nether","6"
"railways:track_incomplete_oak_wide","railways","nether","6"
"railways:track_incomplete_phantom","railways","nether","6"
"railways:track_incomplete_phantom_narrow","railways","nether","6"
"railways:track_incomplete_phantom_wide","railways","nether","6"
"railways:track_incomplete_spruce","railways","nether","6"
"railways:track_incomplete_spruce_narrow","railways","nether","6"
"railways:track_incomplete_spruce_wide","railways","nether","6"
"railways:track_incomplete_stripped_bamboo","railways","nether","6"
"railways:track_incomplete_stripped_bamboo_narrow","railways","nether","6"
"railways:track_incomplete_stripped_bamboo_wide","railways","nether","6"
"railways:track_incomplete_tieless","railways","nether","6"
"railways:track_incomplete_tieless_narrow","railways","nether","6"
"railways:track_incomplete_tieless_wide","railways","nether","6"
"railways:track_incomplete_warped","railways","nether","6"
"railways:track_incomplete_warped_narrow","railways","nether","6"
"railways:track_incomplete_warped_wide","railways","nether","6"
"railways:track_jungle","railways","nether","6"
"railways:track_jungle_narrow","railways","nether","6"
"railways:track_jungle_wide","railways","nether","6"
"railways:track_mangrove","railways","nether","6"
"railways:track_mangrove_narrow","railways","nether","6"
"railways:track_mangrove_wide","railways","nether","6"
"railways:track_monorail","railways","nether","6"
"railways:track_oak","railways","nether","6"
"railways:track_oak_narrow","railways","nether","6"
"railways:track_oak_wide","railways","nether","6"
"railways:track_phantom","railways","nether","6"
"railways:track_phantom_narrow","railways","nether","6"
"railways:track_phantom_wide","railways","nether","6"
"railways:track_spruce","railways","nether","6"
"railways:track_spruce_narrow","railways","nether","6"
"railways:track_spruce_wide","railways","nether","6"
"railways:track_stripped_bamboo","railways","nether","6"
"railways:track_stripped_bamboo_narrow","railways","nether","6"
"railways:track_stripped_bamboo_wide","railways","nether","6"
"railways:track_switch_andesite","railways","nether","6"
"railways:track_switch_brass","railways","nether","6"
"railways:track_tieless","railways","nether","6"
"railways:track_tieless_narrow","railways","nether","6"
"railways:track_tieless_wide","railways","nether","6"
"railways:track_warped","railways","nether","6"
"railways:track_warped_narrow","railways","nether","6"
"railways:track_warped_wide","railways","nether","6"
"railways:tuff_brass_wrapped_locometal","railways","nether","6"
"railways:tuff_brass_wrapped_locometal_boiler","railways","nether","6"
"railways:tuff_copper_wrapped_locometal","railways","nether","6"
"railways:tuff_copper_wrapped_locometal_boiler","railways","nether","6"
"railways:tuff_copper_wrapped_locometal_smokebox","railways","nether","6"
"railways:tuff_flat_riveted_locometal","railways","nether","6"
"railways:tuff_flat_slashed_locometal","railways","nether","6"
"railways:tuff_folding_locometal_door","railways","nether","6"
"railways:tuff_four_pane_locometal_window","railways","nether","6"
"railways:tuff_hazard_stripes_chevron_on_black","railways","nether","6"
"railways:tuff_hazard_stripes_chevron_on_white","railways","nether","6"
"railways:tuff_hazard_stripes_diagonal_on_black","railways","nether","6"
"railways:tuff_hazard_stripes_diagonal_on_white","railways","nether","6"
"railways:tuff_hinged_locometal_door","railways","nether","6"
"railways:tuff_iron_wrapped_locometal","railways","nether","6"
"railways:tuff_iron_wrapped_locometal_boiler","railways","nether","6"
"railways:tuff_iron_wrapped_locometal_smokebox","railways","nether","6"
"railways:tuff_locometal_boiler","railways","nether","6"
"railways:tuff_locometal_end_ladder","railways","nether","6"
"railways:tuff_locometal_flywheel","railways","nether","6"
"railways:tuff_locometal_pillar","railways","nether","6"
"railways:tuff_locometal_rung_ladder","railways","nether","6"
"railways:tuff_locometal_smokebox","railways","nether","6"
"railways:tuff_locometal_trapdoor","railways","nether","6"
"railways:tuff_locometal_vent","railways","nether","6"
"railways:tuff_paint_pitcher","railways","nether","6"
"railways:tuff_plated_locometal","railways","nether","6"
"railways:tuff_riveted_locometal","railways","nether","6"
"railways:tuff_round_pane_locometal_window","railways","nether","6"
"railways:tuff_single_pane_locometal_window","railways","nether","6"
"railways:tuff_slashed_locometal","railways","nether","6"
"railways:tuff_sliding_locometal_door","railways","nether","6"
"railways:tuff_two_pane_locometal_window","railways","nether","6"
"railways:tuff_wrapped_locometal_smokebox","railways","nether","6"
"railways:turquoise_brass_wrapped_locometal","railways","nether","6"
"railways:turquoise_brass_wrapped_locometal_boiler","railways","nether","6"
"railways:turquoise_copper_wrapped_locometal","railways","nether","6"
"railways:turquoise_copper_wrapped_locometal_boiler","railways","nether","6"
"railways:turquoise_copper_wrapped_locometal_smokebox","railways","nether","6"
"railways:turquoise_flat_riveted_locometal","railways","nether","6"
"railways:turquoise_flat_slashed_locometal","railways","nether","6"
"railways:turquoise_folding_locometal_door","railways","nether","6"
"railways:turquoise_four_pane_locometal_window","railways","nether","6"
"railways:turquoise_hazard_stripes_chevron_on_black","railways","nether","6"
"railways:turquoise_hazard_stripes_chevron_on_white","railways","nether","6"
"railways:turquoise_hazard_stripes_diagonal_on_black","railways","nether","6"
"railways:turquoise_hazard_stripes_diagonal_on_white","railways","nether","6"
"railways:turquoise_hinged_locometal_door","railways","nether","6"
"railways:turquoise_iron_wrapped_locometal","railways","nether","6"
"railways:turquoise_iron_wrapped_locometal_boiler","railways","nether","6"
"railways:turquoise_iron_wrapped_locometal_smokebox","railways","nether","6"
"railways:turquoise_locometal_boiler","railways","nether","6"
"railways:turquoise_locometal_end_ladder","railways","nether","6"
"railways:turquoise_locometal_flywheel","railways","nether","6"
"railways:turquoise_locometal_pillar","railways","nether","6"
"railways:turquoise_locometal_rung_ladder","railways","nether","6"
"railways:turquoise_locometal_smokebox","railways","nether","6"
"railways:turquoise_locometal_trapdoor","railways","nether","6"
"railways:turquoise_locometal_vent","railways","nether","6"
"railways:turquoise_paint_pitcher","railways","nether","6"
"railways:turquoise_plated_locometal","railways","nether","6"
"railways:turquoise_riveted_locometal","railways","nether","6"
"railways:turquoise_round_pane_locometal_window","railways","nether","6"
"railways:turquoise_single_pane_locometal_window","railways","nether","6"
"railways:turquoise_slashed_locometal","railways","nether","6"
"railways:turquoise_sliding_locometal_door","railways","nether","6"
"railways:turquoise_two_pane_locometal_window","railways","nether","6"
"railways:turquoise_wrapped_locometal_smokebox","railways","nether","6"
"railways:two_pane_locometal_window","railways","nether","6"
"railways:vermilion_brass_wrapped_locometal","railways","nether","6"
"railways:vermilion_brass_wrapped_locometal_boiler","railways","nether","6"
"railways:vermilion_copper_wrapped_locometal","railways","nether","6"
"railways:vermilion_copper_wrapped_locometal_boiler","railways","nether","6"
"railways:vermilion_copper_wrapped_locometal_smokebox","railways","nether","6"
"railways:vermilion_flat_riveted_locometal","railways","nether","6"
"railways:vermilion_flat_slashed_locometal","railways","nether","6"
"railways:vermilion_folding_locometal_door","railways","nether","6"
"railways:vermilion_four_pane_locometal_window","railways","nether","6"
"railways:vermilion_hazard_stripes_chevron_on_black","railways","nether","6"
"railways:vermilion_hazard_stripes_chevron_on_white","railways","nether","6"
"railways:vermilion_hazard_stripes_diagonal_on_black","railways","nether","6"
"railways:vermilion_hazard_stripes_diagonal_on_white","railways","nether","6"
"railways:vermilion_hinged_locometal_door","railways","nether","6"
"railways:vermilion_iron_wrapped_locometal","railways","nether","6"
"railways:vermilion_iron_wrapped_locometal_boiler","railways","nether","6"
"railways:vermilion_iron_wrapped_locometal_smokebox","railways","nether","6"
"railways:vermilion_locometal_boiler","railways","nether","6"
"railways:vermilion_locometal_end_ladder","railways","nether","6"
"railways:vermilion_locometal_flywheel","railways","nether","6"
"railways:vermilion_locometal_pillar","railways","nether","6"
"railways:vermilion_locometal_rung_ladder","railways","nether","6"
"railways:vermilion_locometal_smokebox","railways","nether","6"
"railways:vermilion_locometal_trapdoor","railways","nether","6"
"railways:vermilion_locometal_vent","railways","nether","6"
"railways:vermilion_paint_pitcher","railways","nether","6"
"railways:vermilion_plated_locometal","railways","nether","6"
"railways:vermilion_riveted_locometal","railways","nether","6"
"railways:vermilion_round_pane_locometal_window","railways","nether","6"
"railways:vermilion_single_pane_locometal_window","railways","nether","6"
"railways:vermilion_slashed_locometal","railways","nether","6"
"railways:vermilion_sliding_locometal_door","railways","nether","6"
"railways:vermilion_two_pane_locometal_window","railways","nether","6"
"railways:vermilion_wrapped_locometal_smokebox","railways","nether","6"
"railways:white_brass_wrapped_locometal","railways","nether","6"
"railways:white_brass_wrapped_locometal_boiler","railways","nether","6"
"railways:white_conductor_cap","railways","nether","6"
"railways:white_copper_wrapped_locometal","railways","nether","6"
"railways:white_copper_wrapped_locometal_boiler","railways","nether","6"
"railways:white_copper_wrapped_locometal_smokebox","railways","nether","6"
"railways:white_flat_riveted_locometal","railways","nether","6"
"railways:white_flat_slashed_locometal","railways","nether","6"
"railways:white_folding_locometal_door","railways","nether","6"
"railways:white_four_pane_locometal_window","railways","nether","6"
"railways:white_hazard_stripes_chevron_on_black","railways","nether","6"
"railways:white_hazard_stripes_chevron_on_white","railways","nether","6"
"railways:white_hazard_stripes_diagonal_on_black","railways","nether","6"
"railways:white_hazard_stripes_diagonal_on_white","railways","nether","6"
"railways:white_hinged_locometal_door","railways","nether","6"
"railways:white_incomplete_conductor_cap","railways","nether","6"
"railways:white_iron_wrapped_locometal","railways","nether","6"
"railways:white_iron_wrapped_locometal_boiler","railways","nether","6"
"railways:white_iron_wrapped_locometal_smokebox","railways","nether","6"
"railways:white_locometal_boiler","railways","nether","6"
"railways:white_locometal_end_ladder","railways","nether","6"
"railways:white_locometal_flywheel","railways","nether","6"
"railways:white_locometal_pillar","railways","nether","6"
"railways:white_locometal_rung_ladder","railways","nether","6"
"railways:white_locometal_smokebox","railways","nether","6"
"railways:white_locometal_trapdoor","railways","nether","6"
"railways:white_locometal_vent","railways","nether","6"
"railways:white_paint_pitcher","railways","nether","6"
"railways:white_plated_locometal","railways","nether","6"
"railways:white_riveted_locometal","railways","nether","6"
"railways:white_round_pane_locometal_window","railways","nether","6"
"railways:white_single_pane_locometal_window","railways","nether","6"
"railways:white_slashed_locometal","railways","nether","6"
"railways:white_sliding_locometal_door","railways","nether","6"
"railways:white_two_pane_locometal_window","railways","nether","6"
"railways:white_wrapped_locometal_smokebox","railways","nether","6"
"railways:wooden_headstock","railways","nether","6"
"railways:wooden_headstock_buffer","railways","nether","6"
"railways:wooden_headstock_knuckle_coupler","railways","nether","6"
"railways:wooden_headstock_link_and_pin","railways","nether","6"
"railways:wooden_headstock_link_and_pin_linkless","railways","nether","6"
"railways:wooden_headstock_screwlink_coupler","railways","nether","6"
"railways:wooden_headstock_split_knuckle_coupler","railways","nether","6"
"railways:wrapped_locometal_smokebox","railways","nether","6"
"railways:yellow_brass_wrapped_locometal","railways","nether","6"
"railways:yellow_brass_wrapped_locometal_boiler","railways","nether","6"
"railways:yellow_conductor_cap","railways","nether","6"
"railways:yellow_copper_wrapped_locometal","railways","nether","6"
"railways:yellow_copper_wrapped_locometal_boiler","railways","nether","6"
"railways:yellow_copper_wrapped_locometal_smokebox","railways","nether","6"
"railways:yellow_flat_riveted_locometal","railways","nether","6"
"railways:yellow_flat_slashed_locometal","railways","nether","6"
"railways:yellow_folding_locometal_door","railways","nether","6"
"railways:yellow_four_pane_locometal_window","railways","nether","6"
"railways:yellow_hazard_stripes_chevron_on_black","railways","nether","6"
"railways:yellow_hazard_stripes_chevron_on_white","railways","nether","6"
"railways:yellow_hazard_stripes_diagonal_on_black","railways","nether","6"
"railways:yellow_hazard_stripes_diagonal_on_white","railways","nether","6"
"railways:yellow_hinged_locometal_door","railways","nether","6"
"railways:yellow_incomplete_conductor_cap","railways","nether","6"
"railways:yellow_iron_wrapped_locometal","railways","nether","6"
"railways:yellow_iron_wrapped_locometal_boiler","railways","nether","6"
"railways:yellow_iron_wrapped_locometal_smokebox","railways","nether","6"
"railways:yellow_locometal_boiler","railways","nether","6"
"railways:yellow_locometal_end_ladder","railways","nether","6"
"railways:yellow_locometal_flywheel","railways","nether","6"
"railways:yellow_locometal_pillar","railways","nether","6"
"railways:yellow_locometal_rung_ladder","railways","nether","6"
"railways:yellow_locometal_smokebox","railways","nether","6"
"railways:yellow_locometal_trapdoor","railways","nether","6"
"railways:yellow_locometal_vent","railways","nether","6"
"railways:yellow_paint_pitcher","railways","nether","6"
"railways:yellow_plated_locometal","railways","nether","6"
"railways:yellow_riveted_locometal","railways","nether","6"
"railways:yellow_round_pane_locometal_window","railways","nether","6"
"railways:yellow_single_pane_locometal_window","railways","nether","6"
"railways:yellow_slashed_locometal","railways","nether","6"
"railways:yellow_sliding_locometal_door","railways","nether","6"
"railways:yellow_two_pane_locometal_window","railways","nether","6"
"railways:yellow_wrapped_locometal_smokebox","railways","nether","6"
"ramadandelight:blue_stained_glass_block","ramadandelight","wood","0"
"ramadandelight:blue_stained_glass_pane","ramadandelight","wood","0"
"ramadandelight:bourek","ramadandelight","wood","0"
"ramadandelight:bourek_block","ramadandelight","wood","0"
"ramadandelight:bourek_sheet","ramadandelight","wood","0"
"ramadandelight:chickpea","ramadandelight","wood","0"
"ramadandelight:chickpea_and_rice","ramadandelight","wood","0"
"ramadandelight:chickpea_bag","ramadandelight","wood","0"
"ramadandelight:chorba","ramadandelight","wood","0"
"ramadandelight:cluster_of_dates","ramadandelight","wood","0"
"ramadandelight:copper_fanous","ramadandelight","copper","2"
"ramadandelight:date","ramadandelight","wood","0"
"ramadandelight:date_crate","ramadandelight","wood","0"
"ramadandelight:date_stuffed_cookie","ramadandelight","wood","0"
"ramadandelight:date_syrup","ramadandelight","wood","0"
"ramadandelight:dates_branch","ramadandelight","wood","0"
"ramadandelight:drum","ramadandelight","wood","0"
"ramadandelight:fanous","ramadandelight","iron","4"
"ramadandelight:flat_bread","ramadandelight","wood","0"
"ramadandelight:green_stained_glass_block","ramadandelight","wood","0"
"ramadandelight:green_stained_glass_pane","ramadandelight","wood","0"
"ramadandelight:haleem","ramadandelight","wood","0"
"ramadandelight:harira","ramadandelight","wood","0"
"ramadandelight:hummus_tahini","ramadandelight","wood","0"
"ramadandelight:kebab","ramadandelight","wood","0"
"ramadandelight:knafeh","ramadandelight","wood","0"
"ramadandelight:knafeh_tray_block","ramadandelight","wood","0"
"ramadandelight:luqaimat","ramadandelight","wood","0"
"ramadandelight:mahalabia","ramadandelight","wood","0"
"ramadandelight:maqluba","ramadandelight","wood","0"
"ramadandelight:maqluba_block","ramadandelight","wood","0"
"ramadandelight:mosaic_tiles","ramadandelight","wood","0"
"ramadandelight:musakhan","ramadandelight","wood","0"
"ramadandelight:orange_stained_glass_block","ramadandelight","wood","0"
"ramadandelight:orange_stained_glass_pane","ramadandelight","wood","0"
"ramadandelight:palm_boat","ramadandelight","wood","0"
"ramadandelight:palm_button","ramadandelight","wood","0"
"ramadandelight:palm_chest_boat","ramadandelight","wood","0"
"ramadandelight:palm_door","ramadandelight","wood","0"
"ramadandelight:palm_fence","ramadandelight","wood","0"
"ramadandelight:palm_fence_gate","ramadandelight","wood","0"
"ramadandelight:palm_hanging_sign","ramadandelight","wood","0"
"ramadandelight:palm_leaves","ramadandelight","wood","0"
"ramadandelight:palm_log","ramadandelight","wood","0"
"ramadandelight:palm_planks","ramadandelight","wood","0"
"ramadandelight:palm_pressure_plate","ramadandelight","wood","0"
"ramadandelight:palm_sapling","ramadandelight","wood","0"
"ramadandelight:palm_sign","ramadandelight","wood","0"
"ramadandelight:palm_slab","ramadandelight","wood","0"
"ramadandelight:palm_stairs","ramadandelight","wood","0"
"ramadandelight:palm_trapdoor","ramadandelight","wood","0"
"ramadandelight:palm_wood","ramadandelight","wood","0"
"ramadandelight:parsley","ramadandelight","wood","0"
"ramadandelight:parsley_bag","ramadandelight","wood","0"
"ramadandelight:parsley_seeds","ramadandelight","wood","0"
"ramadandelight:quiche","ramadandelight","wood","0"
"ramadandelight:quiche_slice","ramadandelight","wood","0"
"ramadandelight:raw_bourek","ramadandelight","wood","0"
"ramadandelight:raw_kebab","ramadandelight","wood","0"
"ramadandelight:raw_samosa","ramadandelight","wood","0"
"ramadandelight:redstone_fanous","ramadandelight","iron","4"
"ramadandelight:samosa","ramadandelight","wood","0"
"ramadandelight:savory_filling","ramadandelight","wood","0"
"ramadandelight:sayadieh","ramadandelight","wood","0"
"ramadandelight:small_dough","ramadandelight","wood","0"
"ramadandelight:soul_fanous","ramadandelight","nether","6"
"ramadandelight:stained_glass_block","ramadandelight","wood","0"
"ramadandelight:stained_glass_pane","ramadandelight","wood","0"
"ramadandelight:stripped_palm_log","ramadandelight","wood","0"
"ramadandelight:stripped_palm_wood","ramadandelight","wood","0"
"ramadandelight:sweet_tagine","ramadandelight","wood","0"
"ramadandelight:tabbouleh","ramadandelight","wood","0"
"ramadandelight:tagine","ramadandelight","wood","0"
"ramadandelight:wild_chickpea","ramadandelight","wood","0"
"ramadandelight:wild_parsley","ramadandelight","wood","0"
"ramadandelight:zalabiyeh","ramadandelight","wood","0"
"ribbits:brown_toadstool","ribbits","wood","0"
"ribbits:giant_lilypad","ribbits","wood","0"
"ribbits:maraca","ribbits","wood","0"
"ribbits:mossy_oak_door","ribbits","wood","0"
"ribbits:mossy_oak_planks","ribbits","wood","0"
"ribbits:mossy_oak_planks_fence","ribbits","wood","0"
"ribbits:mossy_oak_planks_fence_gate","ribbits","wood","0"
"ribbits:mossy_oak_planks_slab","ribbits","wood","0"
"ribbits:mossy_oak_planks_stairs","ribbits","wood","0"
"ribbits:red_toadstool","ribbits","wood","0"
"ribbits:ribbit_fisherman_spawn_egg","ribbits","wood","0"
"ribbits:ribbit_gardener_spawn_egg","ribbits","wood","0"
"ribbits:ribbit_merchant_spawn_egg","ribbits","wood","0"
"ribbits:ribbit_nitwit_spawn_egg","ribbits","wood","0"
"ribbits:ribbit_sorcerer_spawn_egg","ribbits","wood","0"
"ribbits:swamp_daisy","ribbits","wood","0"
"ribbits:swamp_lantern","ribbits","wood","0"
"ribbits:toadstool","ribbits","wood","0"
"ribbits:toadstool_stem","ribbits","wood","0"
"ribbits:umbrella_leaf","ribbits","wood","0"
"simulated:altitude_sensor","simulated","end","7"
"simulated:analog_transmission","simulated","nether","6"
"simulated:auger_cog","simulated","nether","6"
"simulated:auger_shaft","simulated","nether","6"
"simulated:black_handle","simulated","nether","6"
"simulated:black_nameplate","simulated","nether","6"
"simulated:black_portable_engine","simulated","nether","6"
"simulated:blue_handle","simulated","nether","6"
"simulated:blue_nameplate","simulated","nether","6"
"simulated:blue_portable_engine","simulated","nether","6"
"simulated:brown_handle","simulated","nether","6"
"simulated:brown_nameplate","simulated","nether","6"
"simulated:brown_portable_engine","simulated","nether","6"
"simulated:contraption_diagram","simulated","nether","6"
"simulated:copper_handle","simulated","nether","6"
"simulated:creative_physics_staff","simulated","ascended","8"
"simulated:cyan_handle","simulated","nether","6"
"simulated:cyan_nameplate","simulated","nether","6"
"simulated:cyan_portable_engine","simulated","nether","6"
"simulated:directional_gearshift","simulated","nether","6"
"simulated:directional_linked_receiver","simulated","nether","6"
"simulated:docking_connector","simulated","nether","6"
"simulated:engine_assembly","simulated","nether","6"
"simulated:gimbal_sensor","simulated","end","7"
"simulated:gray_handle","simulated","nether","6"
"simulated:gray_nameplate","simulated","nether","6"
"simulated:gray_portable_engine","simulated","nether","6"
"simulated:green_handle","simulated","nether","6"
"simulated:green_nameplate","simulated","nether","6"
"simulated:green_portable_engine","simulated","nether","6"
"simulated:gyroscopic_mechanism","simulated","end","7"
"simulated:honey_glue","simulated","nether","6"
"simulated:incomplete_engine_assembly","simulated","nether","6"
"simulated:incomplete_gyroscopic_mechanism","simulated","end","7"
"simulated:iron_handle","simulated","nether","6"
"simulated:laser_pointer","simulated","nether","6"
"simulated:laser_sensor","simulated","nether","6"
"simulated:light_blue_handle","simulated","nether","6"
"simulated:light_blue_nameplate","simulated","nether","6"
"simulated:light_blue_portable_engine","simulated","nether","6"
"simulated:light_gray_handle","simulated","nether","6"
"simulated:light_gray_nameplate","simulated","nether","6"
"simulated:light_gray_portable_engine","simulated","nether","6"
"simulated:lime_handle","simulated","nether","6"
"simulated:lime_nameplate","simulated","nether","6"
"simulated:lime_portable_engine","simulated","nether","6"
"simulated:linked_typewriter","simulated","nether","6"
"simulated:magenta_handle","simulated","nether","6"
"simulated:magenta_nameplate","simulated","nether","6"
"simulated:magenta_portable_engine","simulated","nether","6"
"simulated:modulating_linked_receiver","simulated","nether","6"
"simulated:navigation_table","simulated","end","7"
"simulated:optical_sensor","simulated","nether","6"
"simulated:orange_handle","simulated","nether","6"
"simulated:orange_nameplate","simulated","nether","6"
"simulated:orange_portable_engine","simulated","nether","6"
"simulated:physics_assembler","simulated","nether","6"
"simulated:pink_handle","simulated","nether","6"
"simulated:pink_nameplate","simulated","nether","6"
"simulated:pink_portable_engine","simulated","nether","6"
"simulated:plunger_launcher","simulated","nether","6"
"simulated:purple_handle","simulated","nether","6"
"simulated:purple_nameplate","simulated","nether","6"
"simulated:purple_portable_engine","simulated","nether","6"
"simulated:red_handle","simulated","nether","6"
"simulated:red_nameplate","simulated","nether","6"
"simulated:red_portable_engine","simulated","nether","6"
"simulated:redstone_accumulator","simulated","nether","6"
"simulated:redstone_inductor","simulated","nether","6"
"simulated:redstone_magnet","simulated","nether","6"
"simulated:rope_connector","simulated","nether","6"
"simulated:rope_coupling","simulated","nether","6"
"simulated:rope_winch","simulated","nether","6"
"simulated:spring","simulated","nether","6"
"simulated:steering_wheel","simulated","nether","6"
"simulated:swivel_bearing","simulated","nether","6"
"simulated:throttle_lever","simulated","nether","6"
"simulated:torsion_spring","simulated","nether","6"
"simulated:velocity_sensor","simulated","nether","6"
"simulated:white_handle","simulated","nether","6"
"simulated:white_nameplate","simulated","nether","6"
"simulated:white_portable_engine","simulated","nether","6"
"simulated:white_symmetric_sail","simulated","nether","6"
"simulated:yellow_handle","simulated","nether","6"
"simulated:yellow_nameplate","simulated","nether","6"
"simulated:yellow_portable_engine","simulated","nether","6"
"sophisticatedbackpacks:advanced_alchemy_upgrade","sophisticatedbackpacks","nether","6"
"sophisticatedbackpacks:advanced_compacting_upgrade","sophisticatedbackpacks","diamond","5"
"sophisticatedbackpacks:advanced_deposit_upgrade","sophisticatedbackpacks","diamond","5"
"sophisticatedbackpacks:advanced_feeding_upgrade","sophisticatedbackpacks","diamond","5"
"sophisticatedbackpacks:advanced_filter_upgrade","sophisticatedbackpacks","diamond","5"
"sophisticatedbackpacks:advanced_jukebox_upgrade","sophisticatedbackpacks","diamond","5"
"sophisticatedbackpacks:advanced_magnet_upgrade","sophisticatedbackpacks","diamond","5"
"sophisticatedbackpacks:advanced_mob_catcher_upgrade","sophisticatedbackpacks","end","7"
"sophisticatedbackpacks:advanced_pickup_upgrade","sophisticatedbackpacks","diamond","5"
"sophisticatedbackpacks:advanced_pump_upgrade","sophisticatedbackpacks","diamond","5"
"sophisticatedbackpacks:advanced_refill_upgrade","sophisticatedbackpacks","diamond","5"
"sophisticatedbackpacks:advanced_restock_upgrade","sophisticatedbackpacks","diamond","5"
"sophisticatedbackpacks:advanced_tool_swapper_upgrade","sophisticatedbackpacks","diamond","5"
"sophisticatedbackpacks:advanced_void_upgrade","sophisticatedbackpacks","diamond","5"
"sophisticatedbackpacks:alchemy_upgrade","sophisticatedbackpacks","nether","6"
"sophisticatedbackpacks:anvil_upgrade","sophisticatedbackpacks","iron","4"
"sophisticatedbackpacks:auto_blasting_upgrade","sophisticatedbackpacks","iron","4"
"sophisticatedbackpacks:auto_smelting_upgrade","sophisticatedbackpacks","iron","4"
"sophisticatedbackpacks:auto_smoking_upgrade","sophisticatedbackpacks","iron","4"
"sophisticatedbackpacks:backpack","sophisticatedbackpacks","chainmail","3"
"sophisticatedbackpacks:battery_upgrade","sophisticatedbackpacks","iron","4"
"sophisticatedbackpacks:blasting_upgrade","sophisticatedbackpacks","iron","4"
"sophisticatedbackpacks:compacting_upgrade","sophisticatedbackpacks","iron","4"
"sophisticatedbackpacks:copper_backpack","sophisticatedbackpacks","chainmail","3"
"sophisticatedbackpacks:crafting_upgrade","sophisticatedbackpacks","iron","4"
"sophisticatedbackpacks:deposit_upgrade","sophisticatedbackpacks","iron","4"
"sophisticatedbackpacks:diamond_backpack","sophisticatedbackpacks","diamond","5"
"sophisticatedbackpacks:everlasting_upgrade","sophisticatedbackpacks","nether","6"
"sophisticatedbackpacks:feeding_upgrade","sophisticatedbackpacks","iron","4"
"sophisticatedbackpacks:filter_upgrade","sophisticatedbackpacks","iron","4"
"sophisticatedbackpacks:gold_backpack","sophisticatedbackpacks","iron","4"
"sophisticatedbackpacks:inception_upgrade","sophisticatedbackpacks","end","7"
"sophisticatedbackpacks:infinity_upgrade","sophisticatedbackpacks","ascended","8"
"sophisticatedbackpacks:iron_backpack","sophisticatedbackpacks","iron","4"
"sophisticatedbackpacks:jukebox_upgrade","sophisticatedbackpacks","iron","4"
"sophisticatedbackpacks:magnet_upgrade","sophisticatedbackpacks","iron","4"
"sophisticatedbackpacks:mob_catcher_upgrade","sophisticatedbackpacks","iron","4"
"sophisticatedbackpacks:netherite_backpack","sophisticatedbackpacks","nether","6"
"sophisticatedbackpacks:pickup_upgrade","sophisticatedbackpacks","iron","4"
"sophisticatedbackpacks:pump_upgrade","sophisticatedbackpacks","iron","4"
"sophisticatedbackpacks:refill_upgrade","sophisticatedbackpacks","iron","4"
"sophisticatedbackpacks:restock_upgrade","sophisticatedbackpacks","iron","4"
"sophisticatedbackpacks:smelting_upgrade","sophisticatedbackpacks","iron","4"
"sophisticatedbackpacks:smithing_upgrade","sophisticatedbackpacks","iron","4"
"sophisticatedbackpacks:smoking_upgrade","sophisticatedbackpacks","iron","4"
"sophisticatedbackpacks:stack_downgrade_tier_1","sophisticatedbackpacks","chainmail","3"
"sophisticatedbackpacks:stack_downgrade_tier_2","sophisticatedbackpacks","chainmail","3"
"sophisticatedbackpacks:stack_downgrade_tier_3","sophisticatedbackpacks","chainmail","3"
"sophisticatedbackpacks:stack_upgrade_omega_tier","sophisticatedbackpacks","ascended","8"
"sophisticatedbackpacks:stack_upgrade_starter_tier","sophisticatedbackpacks","iron","4"
"sophisticatedbackpacks:stack_upgrade_starter_tier_to_tier_1_conversion","sophisticatedbackpacks","iron","4"
"sophisticatedbackpacks:stack_upgrade_starter_tier_to_tier_2_conversion","sophisticatedbackpacks","diamond","5"
"sophisticatedbackpacks:stack_upgrade_starter_tier_to_tier_3_conversion","sophisticatedbackpacks","diamond","5"
"sophisticatedbackpacks:stack_upgrade_starter_tier_to_tier_4_conversion","sophisticatedbackpacks","nether","6"
"sophisticatedbackpacks:stack_upgrade_tier_1","sophisticatedbackpacks","iron","4"
"sophisticatedbackpacks:stack_upgrade_tier_1_to_tier_2_conversion","sophisticatedbackpacks","diamond","5"
"sophisticatedbackpacks:stack_upgrade_tier_1_to_tier_3_conversion","sophisticatedbackpacks","diamond","5"
"sophisticatedbackpacks:stack_upgrade_tier_1_to_tier_4_conversion","sophisticatedbackpacks","nether","6"
"sophisticatedbackpacks:stack_upgrade_tier_2","sophisticatedbackpacks","diamond","5"
"sophisticatedbackpacks:stack_upgrade_tier_2_to_tier_3_conversion","sophisticatedbackpacks","diamond","5"
"sophisticatedbackpacks:stack_upgrade_tier_2_to_tier_4_conversion","sophisticatedbackpacks","nether","6"
"sophisticatedbackpacks:stack_upgrade_tier_3","sophisticatedbackpacks","diamond","5"
"sophisticatedbackpacks:stack_upgrade_tier_3_to_tier_4_conversion","sophisticatedbackpacks","nether","6"
"sophisticatedbackpacks:stack_upgrade_tier_4","sophisticatedbackpacks","nether","6"
"sophisticatedbackpacks:stonecutter_upgrade","sophisticatedbackpacks","iron","4"
"sophisticatedbackpacks:survival_infinity_upgrade","sophisticatedbackpacks","ascended","8"
"sophisticatedbackpacks:tank_upgrade","sophisticatedbackpacks","iron","4"
"sophisticatedbackpacks:tool_swapper_upgrade","sophisticatedbackpacks","iron","4"
"sophisticatedbackpacks:upgrade_base","sophisticatedbackpacks","iron","4"
"sophisticatedbackpacks:void_upgrade","sophisticatedbackpacks","iron","4"
"sophisticatedbackpacks:xp_pump_upgrade","sophisticatedbackpacks","end","7"
"sophisticatedcore:ender_linker","sophisticatedcore","wood","0"
"sophisticatedcore:xp_bucket","sophisticatedcore","wood","0"
"spawn:algal_reefstone","spawn","wood","0"
"spawn:algal_reefstone_slab","spawn","wood","0"
"spawn:algal_reefstone_stairs","spawn","wood","0"
"spawn:algal_reefstone_wall","spawn","wood","0"
"spawn:algal_sand","spawn","wood","0"
"spawn:angler_fish","spawn","wood","0"
"spawn:angler_fish_bucket","spawn","wood","0"
"spawn:angler_fish_spawn_egg","spawn","wood","0"
"spawn:ant_farm","spawn","wood","0"
"spawn:ant_mound","spawn","wood","0"
"spawn:ant_pupa","spawn","wood","0"
"spawn:ant_spawn_egg","spawn","wood","0"
"spawn:anthill","spawn","wood","0"
"spawn:baby_flukeshroom_bucket","spawn","wood","0"
"spawn:baby_sea_cow_bucket","spawn","wood","0"
"spawn:baby_seal_bucket","spawn","wood","0"
"spawn:baby_sunfish_bucket","spawn","wood","0"
"spawn:barbed_spawn_egg","spawn","wood","0"
"spawn:barnacle","spawn","wood","0"
"spawn:barnacle_cluster","spawn","wood","0"
"spawn:barracuda_spawn_egg","spawn","wood","0"
"spawn:big_sea_pickle","spawn","wood","0"
"spawn:big_snail_shell","spawn","wood","0"
"spawn:blasted_sand","spawn","wood","0"
"spawn:blasted_sandstone","spawn","wood","0"
"spawn:blasted_sandstone_slab","spawn","wood","0"
"spawn:blasted_sandstone_stairs","spawn","wood","0"
"spawn:blasted_sandstone_wall","spawn","wood","0"
"spawn:blenny_bucket","spawn","wood","0"
"spawn:blenny_spawn_egg","spawn","wood","0"
"spawn:blue_footed_boots","spawn","iron","4"
"spawn:bluefish","spawn","wood","0"
"spawn:bluefish_bucket","spawn","wood","0"
"spawn:bluefish_roll","spawn","wood","0"
"spawn:bluefish_slice","spawn","wood","0"
"spawn:bluefish_spawn_egg","spawn","wood","0"
"spawn:booby_egg","spawn","wood","0"
"spawn:booby_egg_shard","spawn","wood","0"
"spawn:booby_spawn_egg","spawn","wood","0"
"spawn:broad_grass","spawn","wood","0"
"spawn:canned_herring","spawn","wood","0"
"spawn:captured_octopus","spawn","wood","0"
"spawn:casting_net","spawn","chainmail","3"
"spawn:chiseled_blasted_sandstone","spawn","wood","0"
"spawn:clam","spawn","wood","0"
"spawn:clam_case_purple","spawn","wood","0"
"spawn:clam_case_red","spawn","wood","0"
"spawn:clam_case_white","spawn","wood","0"
"spawn:clam_case_yellow","spawn","wood","0"
"spawn:clam_chowder","spawn","wood","0"
"spawn:clam_spawn_egg","spawn","wood","0"
"spawn:coastal_crab_bucket","spawn","wood","0"
"spawn:coastal_crab_claw","spawn","wood","0"
"spawn:coastal_crab_spawn_egg","spawn","wood","0"
"spawn:cooked_bluefish","spawn","wood","0"
"spawn:cooked_bluefish_slice","spawn","wood","0"
"spawn:cooked_clam","spawn","wood","0"
"spawn:cooked_dodo","spawn","wood","0"
"spawn:cooked_herring","spawn","wood","0"
"spawn:cooked_herring_slice","spawn","wood","0"
"spawn:cooked_tuna_chunk","spawn","wood","0"
"spawn:cooked_tuna_slice","spawn","wood","0"
"spawn:crab_boil","spawn","wood","0"
"spawn:crab_boil_block","spawn","wood","0"
"spawn:cracked_rotten_planks","spawn","wood","0"
"spawn:crown_pottery_sherd","spawn","wood","0"
"spawn:cut_blasted_sandstone","spawn","wood","0"
"spawn:cut_blasted_sandstone_slab","spawn","wood","0"
"spawn:dangling_date_leaves","spawn","wood","0"
"spawn:date_bunch","spawn","wood","0"
"spawn:date_button","spawn","wood","0"
"spawn:date_chest_raft","spawn","wood","0"
"spawn:date_cookie","spawn","wood","0"
"spawn:date_door","spawn","wood","0"
"spawn:date_fence","spawn","wood","0"
"spawn:date_fence_gate","spawn","wood","0"
"spawn:date_hanging_sign","spawn","wood","0"
"spawn:date_leaves","spawn","wood","0"
"spawn:date_log","spawn","wood","0"
"spawn:date_planks","spawn","wood","0"
"spawn:date_pressure_plate","spawn","wood","0"
"spawn:date_raft","spawn","wood","0"
"spawn:date_seed","spawn","wood","0"
"spawn:date_sign","spawn","wood","0"
"spawn:date_slab","spawn","wood","0"
"spawn:date_stairs","spawn","wood","0"
"spawn:date_trapdoor","spawn","wood","0"
"spawn:dates","spawn","wood","0"
"spawn:dead_heart_coral","spawn","wood","0"
"spawn:dead_heart_coral_block","spawn","wood","0"
"spawn:dead_heart_coral_fan","spawn","wood","0"
"spawn:dead_reed_coral","spawn","wood","0"
"spawn:dead_reed_coral_block","spawn","wood","0"
"spawn:dead_reed_coral_fan","spawn","wood","0"
"spawn:dead_sea_star","spawn","wood","0"
"spawn:dead_sea_urchin","spawn","wood","0"
"spawn:dead_spike_coral","spawn","wood","0"
"spawn:dead_spike_coral_block","spawn","wood","0"
"spawn:dead_spike_coral_fan","spawn","wood","0"
"spawn:dead_thorn_coral","spawn","wood","0"
"spawn:dead_thorn_coral_block","spawn","wood","0"
"spawn:dead_thorn_coral_fan","spawn","wood","0"
"spawn:dead_wax_coral","spawn","wood","0"
"spawn:dead_wax_coral_block","spawn","wood","0"
"spawn:dead_wax_coral_fan","spawn","wood","0"
"spawn:dodo","spawn","wood","0"
"spawn:dodo_spawn_egg","spawn","wood","0"
"spawn:dodo_translator","spawn","wood","0"
"spawn:dried_hamster","spawn","wood","0"
"spawn:escargot","spawn","wood","0"
"spawn:fall_dragon_reeds","spawn","wood","0"
"spawn:fallen_leaves","spawn","wood","0"
"spawn:firekeeper_spawn_egg","spawn","wood","0"
"spawn:flukeshroom_spawn_egg","spawn","wood","0"
"spawn:fly_bottle","spawn","wood","0"
"spawn:ghostly_mucus_block","spawn","wood","0"
"spawn:hamster_spawn_egg","spawn","wood","0"
"spawn:hamster_wheel","spawn","wood","0"
"spawn:hazy_algae_block","spawn","wood","0"
"spawn:heart_coral","spawn","wood","0"
"spawn:heart_coral_block","spawn","wood","0"
"spawn:heart_coral_fan","spawn","wood","0"
"spawn:heart_of_the_sun","spawn","wood","0"
"spawn:heliostone","spawn","wood","0"
"spawn:heliostone_slab","spawn","wood","0"
"spawn:heliostone_stairs","spawn","wood","0"
"spawn:heliostone_wall","spawn","wood","0"
"spawn:herring","spawn","wood","0"
"spawn:herring_bucket","spawn","wood","0"
"spawn:herring_roll","spawn","wood","0"
"spawn:herring_slice","spawn","wood","0"
"spawn:herring_spawn_egg","spawn","wood","0"
"spawn:iguana_egg","spawn","wood","0"
"spawn:iguana_spawn_egg","spawn","wood","0"
"spawn:item_in_a_bottle","spawn","wood","0"
"spawn:magmatic_splatter","spawn","wood","0"
"spawn:marine_iguana_egg","spawn","wood","0"
"spawn:marine_iguana_spawn_egg","spawn","wood","0"
"spawn:moonstone","spawn","wood","0"
"spawn:moray_crevice","spawn","wood","0"
"spawn:mucus","spawn","wood","0"
"spawn:mucus_block","spawn","wood","0"
"spawn:music_disc_barbaric","spawn","wood","0"
"spawn:music_disc_dally","spawn","wood","0"
"spawn:music_disc_jammed","spawn","wood","0"
"spawn:music_disc_rain","spawn","wood","0"
"spawn:music_disc_rot","spawn","wood","0"
"spawn:music_disc_water_horse","spawn","wood","0"
"spawn:octoduct","spawn","wood","0"
"spawn:octopus_spawn_egg","spawn","wood","0"
"spawn:pigment_shifter","spawn","wood","0"
"spawn:pilot_fish_bucket","spawn","wood","0"
"spawn:pilot_fish_spawn_egg","spawn","wood","0"
"spawn:potted_sweet_berries","spawn","wood","0"
"spawn:red_algae","spawn","wood","0"
"spawn:red_algae_block","spawn","wood","0"
"spawn:red_algae_carpet","spawn","wood","0"
"spawn:reed_coral","spawn","wood","0"
"spawn:reed_coral_block","spawn","wood","0"
"spawn:reed_coral_fan","spawn","wood","0"
"spawn:reefstone","spawn","wood","0"
"spawn:reefstone_slab","spawn","wood","0"
"spawn:reefstone_stairs","spawn","wood","0"
"spawn:reefstone_tile_slab","spawn","wood","0"
"spawn:reefstone_tile_stairs","spawn","wood","0"
"spawn:reefstone_tile_wall","spawn","wood","0"
"spawn:reefstone_tiles","spawn","wood","0"
"spawn:reefstone_wall","spawn","wood","0"
"spawn:roasted_sunflower_seeds","spawn","wood","0"
"spawn:rotten_boat","spawn","wood","0"
"spawn:rotten_button","spawn","wood","0"
"spawn:rotten_chest_boat","spawn","wood","0"
"spawn:rotten_door","spawn","wood","0"
"spawn:rotten_fence","spawn","wood","0"
"spawn:rotten_fence_gate","spawn","wood","0"
"spawn:rotten_hanging_sign","spawn","wood","0"
"spawn:rotten_log","spawn","wood","0"
"spawn:rotten_log_anthill","spawn","wood","0"
"spawn:rotten_planks","spawn","wood","0"
"spawn:rotten_pressure_plate","spawn","wood","0"
"spawn:rotten_sign","spawn","wood","0"
"spawn:rotten_slab","spawn","wood","0"
"spawn:rotten_stairs","spawn","wood","0"
"spawn:rotten_trapdoor","spawn","wood","0"
"spawn:rotten_wood","spawn","wood","0"
"spawn:school_pottery_sherd","spawn","wood","0"
"spawn:sea_bunny","spawn","wood","0"
"spawn:sea_cow_spawn_egg","spawn","wood","0"
"spawn:sea_star","spawn","wood","0"
"spawn:sea_urchin","spawn","wood","0"
"spawn:seahorse_bucket","spawn","wood","0"
"spawn:seahorse_spawn_egg","spawn","wood","0"
"spawn:seal_spawn_egg","spawn","wood","0"
"spawn:shell_fragments","spawn","wood","0"
"spawn:shell_pottery_sherd","spawn","wood","0"
"spawn:short_windswept_grass","spawn","wood","0"
"spawn:smooth_blasted_sandstone","spawn","wood","0"
"spawn:smooth_blasted_sandstone_slab","spawn","wood","0"
"spawn:smooth_blasted_sandstone_stairs","spawn","wood","0"
"spawn:snail_eggs","spawn","wood","0"
"spawn:snail_shell","spawn","wood","0"
"spawn:snail_shell_tile_slab","spawn","wood","0"
"spawn:snail_shell_tile_stairs","spawn","wood","0"
"spawn:snail_shell_tiles","spawn","wood","0"
"spawn:snail_spawn_egg","spawn","wood","0"
"spawn:spade_pottery_sherd","spawn","wood","0"
"spawn:spawn","spawn","wood","0"
"spawn:spawn_eggs","spawn","wood","0"
"spawn:spider_crab_spawn_egg","spawn","wood","0"
"spawn:spike_coral","spawn","wood","0"
"spawn:spike_coral_block","spawn","wood","0"
"spawn:spike_coral_fan","spawn","wood","0"
"spawn:spring_dragon_reeds","spawn","wood","0"
"spawn:steamed_clams","spawn","wood","0"
"spawn:stickbug_spawn_egg","spawn","wood","0"
"spawn:stranded_spawn_egg","spawn","wood","0"
"spawn:stripped_date_log","spawn","wood","0"
"spawn:stripped_rotten_log","spawn","wood","0"
"spawn:stripped_rotten_wood","spawn","wood","0"
"spawn:summer_dragon_reeds","spawn","wood","0"
"spawn:sunfish_spawn_egg","spawn","wood","0"
"spawn:sunflower","spawn","wood","0"
"spawn:sunflower_seeds","spawn","wood","0"
"spawn:sunstone","spawn","wood","0"
"spawn:suspicious_stick","spawn","wood","0"
"spawn:tall_windswept_grass","spawn","wood","0"
"spawn:thorn_coral","spawn","wood","0"
"spawn:thorn_coral_block","spawn","wood","0"
"spawn:thorn_coral_fan","spawn","wood","0"
"spawn:tropical_wildflowers","spawn","wood","0"
"spawn:tuna_chunk","spawn","wood","0"
"spawn:tuna_egg_bucket","spawn","wood","0"
"spawn:tuna_roll","spawn","wood","0"
"spawn:tuna_sandwich","spawn","wood","0"
"spawn:tuna_slice","spawn","wood","0"
"spawn:tuna_spawn_egg","spawn","wood","0"
"spawn:unstable_heliostone","spawn","wood","0"
"spawn:wax_coral","spawn","wood","0"
"spawn:wax_coral_block","spawn","wood","0"
"spawn:wax_coral_fan","spawn","wood","0"
"spawn:winter_dragon_reeds","spawn","wood","0"
"spawn:zombified_flower","spawn","wood","0"
"stackedblocks:stacked_acacia_logs","stackedblocks","wood","0"
"stackedblocks:stacked_acacia_planks","stackedblocks","wood","0"
"stackedblocks:stacked_bamboo_blocks","stackedblocks","wood","0"
"stackedblocks:stacked_bamboo_planks","stackedblocks","wood","0"
"stackedblocks:stacked_birch_logs","stackedblocks","wood","0"
"stackedblocks:stacked_birch_planks","stackedblocks","wood","0"
"stackedblocks:stacked_bricks","stackedblocks","wood","0"
"stackedblocks:stacked_cherry_logs","stackedblocks","wood","0"
"stackedblocks:stacked_cherry_planks","stackedblocks","wood","0"
"stackedblocks:stacked_coal_blocks","stackedblocks","wood","0"
"stackedblocks:stacked_cobblestone_blocks","stackedblocks","wood","0"
"stackedblocks:stacked_crimson_planks","stackedblocks","wood","0"
"stackedblocks:stacked_crimson_stems","stackedblocks","wood","0"
"stackedblocks:stacked_dark_oak_logs","stackedblocks","wood","0"
"stackedblocks:stacked_dark_oak_planks","stackedblocks","wood","0"
"stackedblocks:stacked_diamond_blocks","stackedblocks","wood","0"
"stackedblocks:stacked_emerald_blocks","stackedblocks","wood","0"
"stackedblocks:stacked_gold_blocks","stackedblocks","wood","0"
"stackedblocks:stacked_iron_blocks","stackedblocks","wood","0"
"stackedblocks:stacked_jungle_logs","stackedblocks","wood","0"
"stackedblocks:stacked_jungle_planks","stackedblocks","wood","0"
"stackedblocks:stacked_lapis_blocks","stackedblocks","wood","0"
"stackedblocks:stacked_mangrove_logs","stackedblocks","wood","0"
"stackedblocks:stacked_mangrove_planks","stackedblocks","wood","0"
"stackedblocks:stacked_melons","stackedblocks","wood","0"
"stackedblocks:stacked_netherite_blocks","stackedblocks","wood","0"
"stackedblocks:stacked_netherrack_blocks","stackedblocks","wood","0"
"stackedblocks:stacked_oak_logs","stackedblocks","wood","0"
"stackedblocks:stacked_oak_planks","stackedblocks","wood","0"
"stackedblocks:stacked_pumpkins","stackedblocks","wood","0"
"stackedblocks:stacked_quartz_blocks","stackedblocks","wood","0"
"stackedblocks:stacked_raw_copper_blocks","stackedblocks","wood","0"
"stackedblocks:stacked_raw_gold_blocks","stackedblocks","wood","0"
"stackedblocks:stacked_raw_iron_blocks","stackedblocks","wood","0"
"stackedblocks:stacked_redstone_blocks","stackedblocks","wood","0"
"stackedblocks:stacked_spruce_logs","stackedblocks","wood","0"
"stackedblocks:stacked_spruce_planks","stackedblocks","wood","0"
"stackedblocks:stacked_stone_blocks","stackedblocks","wood","0"
"stackedblocks:stacked_stripped_acacia_logs","stackedblocks","wood","0"
"stackedblocks:stacked_stripped_bamboo_blocks","stackedblocks","wood","0"
"stackedblocks:stacked_stripped_birch_logs","stackedblocks","wood","0"
"stackedblocks:stacked_stripped_cherry_logs","stackedblocks","wood","0"
"stackedblocks:stacked_stripped_crimson_stems","stackedblocks","wood","0"
"stackedblocks:stacked_stripped_dark_oak_logs","stackedblocks","wood","0"
"stackedblocks:stacked_stripped_jungle_logs","stackedblocks","wood","0"
"stackedblocks:stacked_stripped_mangrove_logs","stackedblocks","wood","0"
"stackedblocks:stacked_stripped_oak_logs","stackedblocks","wood","0"
"stackedblocks:stacked_stripped_spruce_logs","stackedblocks","wood","0"
"stackedblocks:stacked_stripped_warped_stems","stackedblocks","wood","0"
"stackedblocks:stacked_warped_planks","stackedblocks","wood","0"
"stackedblocks:stacked_warped_stems","stackedblocks","wood","0"
"stackedblocksfarmersdelight:stacked_acacia_logs","stackedblocksfarmersdelight","wood","0"
"stackedblocksfarmersdelight:stacked_acacia_planks","stackedblocksfarmersdelight","wood","0"
"stackedblocksfarmersdelight:stacked_bamboo_blocks","stackedblocksfarmersdelight","wood","0"
"stackedblocksfarmersdelight:stacked_bamboo_planks","stackedblocksfarmersdelight","wood","0"
"stackedblocksfarmersdelight:stacked_birch_logs","stackedblocksfarmersdelight","wood","0"
"stackedblocksfarmersdelight:stacked_birch_planks","stackedblocksfarmersdelight","wood","0"
"stackedblocksfarmersdelight:stacked_bricks","stackedblocksfarmersdelight","wood","0"
"stackedblocksfarmersdelight:stacked_cherry_logs","stackedblocksfarmersdelight","wood","0"
"stackedblocksfarmersdelight:stacked_cherry_planks","stackedblocksfarmersdelight","wood","0"
"stackedblocksfarmersdelight:stacked_coal_blocks","stackedblocksfarmersdelight","wood","0"
"stackedblocksfarmersdelight:stacked_cobblestone_blocks","stackedblocksfarmersdelight","wood","0"
"stackedblocksfarmersdelight:stacked_crimson_planks","stackedblocksfarmersdelight","wood","0"
"stackedblocksfarmersdelight:stacked_crimson_stems","stackedblocksfarmersdelight","wood","0"
"stackedblocksfarmersdelight:stacked_dark_oak_logs","stackedblocksfarmersdelight","wood","0"
"stackedblocksfarmersdelight:stacked_dark_oak_planks","stackedblocksfarmersdelight","wood","0"
"stackedblocksfarmersdelight:stacked_diamond_blocks","stackedblocksfarmersdelight","wood","0"
"stackedblocksfarmersdelight:stacked_emerald_blocks","stackedblocksfarmersdelight","wood","0"
"stackedblocksfarmersdelight:stacked_gold_blocks","stackedblocksfarmersdelight","wood","0"
"stackedblocksfarmersdelight:stacked_iron_blocks","stackedblocksfarmersdelight","wood","0"
"stackedblocksfarmersdelight:stacked_jungle_logs","stackedblocksfarmersdelight","wood","0"
"stackedblocksfarmersdelight:stacked_jungle_planks","stackedblocksfarmersdelight","wood","0"
"stackedblocksfarmersdelight:stacked_lapis_blocks","stackedblocksfarmersdelight","wood","0"
"stackedblocksfarmersdelight:stacked_mangrove_logs","stackedblocksfarmersdelight","wood","0"
"stackedblocksfarmersdelight:stacked_mangrove_planks","stackedblocksfarmersdelight","wood","0"
"stackedblocksfarmersdelight:stacked_melons","stackedblocksfarmersdelight","wood","0"
"stackedblocksfarmersdelight:stacked_netherite_blocks","stackedblocksfarmersdelight","wood","0"
"stackedblocksfarmersdelight:stacked_netherrack_blocks","stackedblocksfarmersdelight","wood","0"
"stackedblocksfarmersdelight:stacked_oak_logs","stackedblocksfarmersdelight","wood","0"
"stackedblocksfarmersdelight:stacked_oak_planks","stackedblocksfarmersdelight","wood","0"
"stackedblocksfarmersdelight:stacked_pumpkins","stackedblocksfarmersdelight","wood","0"
"stackedblocksfarmersdelight:stacked_quartz_blocks","stackedblocksfarmersdelight","wood","0"
"stackedblocksfarmersdelight:stacked_raw_copper_blocks","stackedblocksfarmersdelight","wood","0"
"stackedblocksfarmersdelight:stacked_raw_gold_blocks","stackedblocksfarmersdelight","wood","0"
"stackedblocksfarmersdelight:stacked_raw_iron_blocks","stackedblocksfarmersdelight","wood","0"
"stackedblocksfarmersdelight:stacked_redstone_blocks","stackedblocksfarmersdelight","wood","0"
"stackedblocksfarmersdelight:stacked_rich_soil","stackedblocksfarmersdelight","wood","0"
"stackedblocksfarmersdelight:stacked_spruce_logs","stackedblocksfarmersdelight","wood","0"
"stackedblocksfarmersdelight:stacked_spruce_planks","stackedblocksfarmersdelight","wood","0"
"stackedblocksfarmersdelight:stacked_stone_blocks","stackedblocksfarmersdelight","wood","0"
"stackedblocksfarmersdelight:stacked_stripped_acacia_logs","stackedblocksfarmersdelight","wood","0"
"stackedblocksfarmersdelight:stacked_stripped_bamboo_blocks","stackedblocksfarmersdelight","wood","0"
"stackedblocksfarmersdelight:stacked_stripped_birch_logs","stackedblocksfarmersdelight","wood","0"
"stackedblocksfarmersdelight:stacked_stripped_cherry_logs","stackedblocksfarmersdelight","wood","0"
"stackedblocksfarmersdelight:stacked_stripped_crimson_stems","stackedblocksfarmersdelight","wood","0"
"stackedblocksfarmersdelight:stacked_stripped_dark_oak_logs","stackedblocksfarmersdelight","wood","0"
"stackedblocksfarmersdelight:stacked_stripped_jungle_logs","stackedblocksfarmersdelight","wood","0"
"stackedblocksfarmersdelight:stacked_stripped_mangrove_logs","stackedblocksfarmersdelight","wood","0"
"stackedblocksfarmersdelight:stacked_stripped_oak_logs","stackedblocksfarmersdelight","wood","0"
"stackedblocksfarmersdelight:stacked_stripped_spruce_logs","stackedblocksfarmersdelight","wood","0"
"stackedblocksfarmersdelight:stacked_stripped_warped_stems","stackedblocksfarmersdelight","wood","0"
"stackedblocksfarmersdelight:stacked_warped_planks","stackedblocksfarmersdelight","wood","0"
"stackedblocksfarmersdelight:stacked_warped_stems","stackedblocksfarmersdelight","wood","0"
"teallib:mannequin","teallib","wood","0"
"unusualfishmod:aero_mono_bucket","unusualfishmod","wood","0"
"unusualfishmod:aero_mono_spawn_egg","unusualfishmod","wood","0"
"unusualfishmod:amber_goby_bucket","unusualfishmod","wood","0"
"unusualfishmod:amber_goby_spawn_egg","unusualfishmod","wood","0"
"unusualfishmod:ancient_weapon_smithing_template","unusualfishmod","wood","0"
"unusualfishmod:bark_angelfish_bucket","unusualfishmod","wood","0"
"unusualfishmod:bark_angelfish_spawn_egg","unusualfishmod","wood","0"
"unusualfishmod:beaked_herring_bucket","unusualfishmod","wood","0"
"unusualfishmod:beaked_herring_spawn_egg","unusualfishmod","wood","0"
"unusualfishmod:blackcap_snail_bucket","unusualfishmod","wood","0"
"unusualfishmod:blackcap_snail_spawn_egg","unusualfishmod","wood","0"
"unusualfishmod:blind_sailfin_bucket","unusualfishmod","wood","0"
"unusualfishmod:blind_sailfin_spawn_egg","unusualfishmod","wood","0"
"unusualfishmod:blizzardfin_bucket","unusualfishmod","wood","0"
"unusualfishmod:blizzardfin_spawn_egg","unusualfishmod","wood","0"
"unusualfishmod:brick_snail_bucket","unusualfishmod","wood","0"
"unusualfishmod:brick_snail_spawn_egg","unusualfishmod","wood","0"
"unusualfishmod:celestial_fish_spawn_egg","unusualfishmod","wood","0"
"unusualfishmod:chiseled_crimson_bricks","unusualfishmod","wood","0"
"unusualfishmod:chiseled_relucent_bricks","unusualfishmod","wood","0"
"unusualfishmod:circus_fish_bucket","unusualfishmod","wood","0"
"unusualfishmod:circus_fish_spawn_egg","unusualfishmod","wood","0"
"unusualfishmod:clement_shell","unusualfishmod","wood","0"
"unusualfishmod:clownthorn_shark_bucket","unusualfishmod","wood","0"
"unusualfishmod:clownthorn_shark_spawn_egg","unusualfishmod","wood","0"
"unusualfishmod:cooked_aero_mono_stick","unusualfishmod","wood","0"
"unusualfishmod:cooked_blizzard_tuna","unusualfishmod","wood","0"
"unusualfishmod:cooked_lobster","unusualfishmod","wood","0"
"unusualfishmod:cooked_mossthorn","unusualfishmod","wood","0"
"unusualfishmod:cooked_shockcat","unusualfishmod","wood","0"
"unusualfishmod:cooked_unusual_fillet","unusualfishmod","wood","0"
"unusualfishmod:copper_antenna","unusualfishmod","wood","0"
"unusualfishmod:copperflame_bucket","unusualfishmod","wood","0"
"unusualfishmod:copperflame_spawn_egg","unusualfishmod","wood","0"
"unusualfishmod:coral_skrimp_bucket","unusualfishmod","wood","0"
"unusualfishmod:coral_skrimp_spawn_egg","unusualfishmod","wood","0"
"unusualfishmod:crimson_brick_slab","unusualfishmod","wood","0"
"unusualfishmod:crimson_brick_stairs","unusualfishmod","wood","0"
"unusualfishmod:crimson_brick_wall","unusualfishmod","wood","0"
"unusualfishmod:crimson_bricks","unusualfishmod","wood","0"
"unusualfishmod:crimson_eggs","unusualfishmod","wood","0"
"unusualfishmod:crimson_shard","unusualfishmod","wood","0"
"unusualfishmod:crimson_tile_slab","unusualfishmod","wood","0"
"unusualfishmod:crimson_tile_stairs","unusualfishmod","wood","0"
"unusualfishmod:crimson_tile_wall","unusualfishmod","wood","0"
"unusualfishmod:crimson_tiles","unusualfishmod","wood","0"
"unusualfishmod:crimsonshell_squid_bucket","unusualfishmod","wood","0"
"unusualfishmod:crimsonshell_squid_spawn_egg","unusualfishmod","wood","0"
"unusualfishmod:deep_crawler_bucket","unusualfishmod","wood","0"
"unusualfishmod:deep_crawler_spawn_egg","unusualfishmod","wood","0"
"unusualfishmod:demon_herring_bucket","unusualfishmod","wood","0"
"unusualfishmod:demon_herring_spawn_egg","unusualfishmod","wood","0"
"unusualfishmod:depth_claw","unusualfishmod","wood","0"
"unusualfishmod:depth_scythe","unusualfishmod","wood","0"
"unusualfishmod:drooping_gourami_bucket","unusualfishmod","wood","0"
"unusualfishmod:drooping_gourami_spawn_egg","unusualfishmod","wood","0"
"unusualfishmod:duality_damselfish_bucket","unusualfishmod","wood","0"
"unusualfishmod:duality_damselfish_spawn_egg","unusualfishmod","wood","0"
"unusualfishmod:eyelash_fish_bucket","unusualfishmod","wood","0"
"unusualfishmod:eyelash_fish_spawn_egg","unusualfishmod","wood","0"
"unusualfishmod:fluvial_shell","unusualfishmod","wood","0"
"unusualfishmod:forkfish_bucket","unusualfishmod","wood","0"
"unusualfishmod:forkfish_spawn_egg","unusualfishmod","wood","0"
"unusualfishmod:freshwater_mantis_bucket","unusualfishmod","wood","0"
"unusualfishmod:freshwater_mantis_spawn_egg","unusualfishmod","wood","0"
"unusualfishmod:frosty_fin_fish_bucket","unusualfishmod","wood","0"
"unusualfishmod:frosty_fin_fish_spawn_egg","unusualfishmod","wood","0"
"unusualfishmod:gnasher_spawn_egg","unusualfishmod","wood","0"
"unusualfishmod:hatchet_fish_bucket","unusualfishmod","wood","0"
"unusualfishmod:hatchet_fish_spawn_egg","unusualfishmod","wood","0"
"unusualfishmod:kalappa_spawn_egg","unusualfishmod","wood","0"
"unusualfishmod:lobed_skipper_bucket","unusualfishmod","wood","0"
"unusualfishmod:lobed_skipper_spawn_egg","unusualfishmod","wood","0"
"unusualfishmod:lobster_roll","unusualfishmod","wood","0"
"unusualfishmod:lobster_spike","unusualfishmod","wood","0"
"unusualfishmod:mossthorn_bucket","unusualfishmod","wood","0"
"unusualfishmod:mossthorn_spawn_egg","unusualfishmod","wood","0"
"unusualfishmod:muddytop_snail_bucket","unusualfishmod","wood","0"
"unusualfishmod:muddytop_snail_spawn_egg","unusualfishmod","wood","0"
"unusualfishmod:music_disc_seafoam","unusualfishmod","wood","0"
"unusualfishmod:nautical_lamp","unusualfishmod","wood","0"
"unusualfishmod:odd_fishsticks","unusualfishmod","wood","0"
"unusualfishmod:pickledish","unusualfishmod","wood","0"
"unusualfishmod:picklefish_bucket","unusualfishmod","wood","0"
"unusualfishmod:picklefish_spawn_egg","unusualfishmod","wood","0"
"unusualfishmod:pinkfin_idol_bucket","unusualfishmod","wood","0"
"unusualfishmod:pinkfin_spawn_egg","unusualfishmod","wood","0"
"unusualfishmod:porcupine_lobsta_bucket","unusualfishmod","wood","0"
"unusualfishmod:porcupine_lobsta_spawn_egg","unusualfishmod","wood","0"
"unusualfishmod:prawn_spawn_egg","unusualfishmod","wood","0"
"unusualfishmod:prismarine_spear","unusualfishmod","wood","0"
"unusualfishmod:raw_aero_mono","unusualfishmod","wood","0"
"unusualfishmod:raw_aero_mono_stick","unusualfishmod","wood","0"
"unusualfishmod:raw_amber_goby","unusualfishmod","wood","0"
"unusualfishmod:raw_bark_angelfish","unusualfishmod","wood","0"
"unusualfishmod:raw_beaked_herring","unusualfishmod","wood","0"
"unusualfishmod:raw_blind_sailfin","unusualfishmod","wood","0"
"unusualfishmod:raw_blizzard_tuna","unusualfishmod","wood","0"
"unusualfishmod:raw_circus_fish","unusualfishmod","wood","0"
"unusualfishmod:raw_copperflame_anthias","unusualfishmod","wood","0"
"unusualfishmod:raw_demon_herring","unusualfishmod","wood","0"
"unusualfishmod:raw_drooping_gourami","unusualfishmod","wood","0"
"unusualfishmod:raw_duality_damselfish","unusualfishmod","wood","0"
"unusualfishmod:raw_eyelash","unusualfishmod","wood","0"
"unusualfishmod:raw_forkfish","unusualfishmod","wood","0"
"unusualfishmod:raw_frosty_fin","unusualfishmod","wood","0"
"unusualfishmod:raw_hatchetfish","unusualfishmod","wood","0"
"unusualfishmod:raw_lobster","unusualfishmod","wood","0"
"unusualfishmod:raw_mossthorn","unusualfishmod","wood","0"
"unusualfishmod:raw_picklefish","unusualfishmod","wood","0"
"unusualfishmod:raw_sailor_barb","unusualfishmod","wood","0"
"unusualfishmod:raw_shockcat","unusualfishmod","wood","0"
"unusualfishmod:raw_sneep_snorp","unusualfishmod","wood","0"
"unusualfishmod:raw_spindlefish","unusualfishmod","wood","0"
"unusualfishmod:raw_triple_twirl_pleco","unusualfishmod","wood","0"
"unusualfishmod:relucent_brick_slab","unusualfishmod","wood","0"
"unusualfishmod:relucent_brick_stairs","unusualfishmod","wood","0"
"unusualfishmod:relucent_brick_wall","unusualfishmod","wood","0"
"unusualfishmod:relucent_bricks","unusualfishmod","wood","0"
"unusualfishmod:relucent_eggs","unusualfishmod","wood","0"
"unusualfishmod:relucent_shard","unusualfishmod","wood","0"
"unusualfishmod:relucent_tile_slab","unusualfishmod","wood","0"
"unusualfishmod:relucent_tile_stairs","unusualfishmod","wood","0"
"unusualfishmod:relucent_tile_wall","unusualfishmod","wood","0"
"unusualfishmod:relucent_tiles","unusualfishmod","wood","0"
"unusualfishmod:rhino_tetra_bucket","unusualfishmod","wood","0"
"unusualfishmod:rhino_tetra_spawn_egg","unusualfishmod","wood","0"
"unusualfishmod:ripper_bucket","unusualfishmod","wood","0"
"unusualfishmod:ripper_spawn_egg","unusualfishmod","wood","0"
"unusualfishmod:ripper_tooth","unusualfishmod","wood","0"
"unusualfishmod:ripsaw","unusualfishmod","wood","0"
"unusualfishmod:root_spawn_egg","unusualfishmod","wood","0"
"unusualfishmod:roughback_guitarfish_spawn_egg","unusualfishmod","wood","0"
"unusualfishmod:sailor_barb_bucket","unusualfishmod","wood","0"
"unusualfishmod:sailor_barb_spawn_egg","unusualfishmod","wood","0"
"unusualfishmod:sea_boom","unusualfishmod","wood","0"
"unusualfishmod:sea_mosquito_bucket","unusualfishmod","wood","0"
"unusualfishmod:sea_mosquito_spawn_egg","unusualfishmod","wood","0"
"unusualfishmod:sea_pancake_spawn_egg","unusualfishmod","wood","0"
"unusualfishmod:sea_spider_bucket","unusualfishmod","wood","0"
"unusualfishmod:sea_spider_spawn_egg","unusualfishmod","wood","0"
"unusualfishmod:shockcat_bucket","unusualfishmod","wood","0"
"unusualfishmod:shockcat_spawn_egg","unusualfishmod","wood","0"
"unusualfishmod:sneepsnorp_bucket","unusualfishmod","wood","0"
"unusualfishmod:sneepsnorp_spawn_egg","unusualfishmod","wood","0"
"unusualfishmod:spindlefish_bucket","unusualfishmod","wood","0"
"unusualfishmod:spindlefish_spawn_egg","unusualfishmod","wood","0"
"unusualfishmod:spoon_shark_bucket","unusualfishmod","wood","0"
"unusualfishmod:spoon_shark_spawn_egg","unusualfishmod","wood","0"
"unusualfishmod:squoddle_bucket","unusualfishmod","wood","0"
"unusualfishmod:squoddle_spawn_egg","unusualfishmod","wood","0"
"unusualfishmod:stout_bichir_bucket","unusualfishmod","wood","0"
"unusualfishmod:stout_bichir_spawn_egg","unusualfishmod","wood","0"
"unusualfishmod:strange_broth","unusualfishmod","wood","0"
"unusualfishmod:tendril","unusualfishmod","wood","0"
"unusualfishmod:thunderous_shell","unusualfishmod","wood","0"
"unusualfishmod:tiger_jungle_shark_spawn_egg","unusualfishmod","wood","0"
"unusualfishmod:tiger_puffer_bucket","unusualfishmod","wood","0"
"unusualfishmod:tiger_puffer_spawn_egg","unusualfishmod","wood","0"
"unusualfishmod:tribble_bucket","unusualfishmod","wood","0"
"unusualfishmod:tribble_spawn_egg","unusualfishmod","wood","0"
"unusualfishmod:triple_twirl_pleco_bucket","unusualfishmod","wood","0"
"unusualfishmod:triple_twirl_pleco_spawn_egg","unusualfishmod","wood","0"
"unusualfishmod:trumpet_squid_bucket","unusualfishmod","wood","0"
"unusualfishmod:trumpet_squid_spawn_egg","unusualfishmod","wood","0"
"unusualfishmod:unusual_sandwich","unusualfishmod","wood","0"
"unusualfishmod:volt_angler_bucket","unusualfishmod","wood","0"
"unusualfishmod:volt_angler_spawn_egg","unusualfishmod","wood","0"
"unusualfishmod:volt_detector","unusualfishmod","wood","0"
"unusualfishmod:weapon_parts","unusualfishmod","wood","0"
"unusualfishmod:weird_goldfish","unusualfishmod","wood","0"
"unusualfishmod:wizard_jelly_bucket","unusualfishmod","wood","0"
"unusualfishmod:wizard_jelly_spawn_egg","unusualfishmod","wood","0"
"unusualfishmod:zebra_cornetfish_spawn_egg","unusualfishmod","wood","0"
"veggiesdelight:baked_sweet_potato","veggiesdelight","wood","0"
"veggiesdelight:beetroot_brownie","veggiesdelight","wood","0"
"veggiesdelight:beetroot_brownie_tray","veggiesdelight","wood","0"
"veggiesdelight:bellpepper","veggiesdelight","wood","0"
"veggiesdelight:bellpepper_crate","veggiesdelight","wood","0"
"veggiesdelight:bellpepper_seeds","veggiesdelight","wood","0"
"veggiesdelight:broccoli","veggiesdelight","wood","0"
"veggiesdelight:broccoli_crate","veggiesdelight","wood","0"
"veggiesdelight:broccoli_salad","veggiesdelight","wood","0"
"veggiesdelight:broccoli_seeds","veggiesdelight","wood","0"
"veggiesdelight:broccoli_soup","veggiesdelight","wood","0"
"veggiesdelight:cacciatore","veggiesdelight","wood","0"
"veggiesdelight:carrot_cake","veggiesdelight","wood","0"
"veggiesdelight:carrot_cake_slice","veggiesdelight","wood","0"
"veggiesdelight:carrot_juice","veggiesdelight","wood","0"
"veggiesdelight:cauliflower","veggiesdelight","wood","0"
"veggiesdelight:cauliflower_bread","veggiesdelight","wood","0"
"veggiesdelight:cauliflower_crate","veggiesdelight","wood","0"
"veggiesdelight:cauliflower_floret","veggiesdelight","wood","0"
"veggiesdelight:cauliflower_kuku","veggiesdelight","wood","0"
"veggiesdelight:cauliflower_seeds","veggiesdelight","wood","0"
"veggiesdelight:cauliflower_soup","veggiesdelight","wood","0"
"veggiesdelight:cesar_salad","veggiesdelight","wood","0"
"veggiesdelight:chicken_fajitas_wrap","veggiesdelight","wood","0"
"veggiesdelight:coleslaw","veggiesdelight","wood","0"
"veggiesdelight:cooked_vegetarian_patty","veggiesdelight","wood","0"
"veggiesdelight:dandelion_and_eggs","veggiesdelight","wood","0"
"veggiesdelight:dandelion_juice","veggiesdelight","wood","0"
"veggiesdelight:dandelion_leaf","veggiesdelight","wood","0"
"veggiesdelight:fermented_garlic_honey","veggiesdelight","wood","0"
"veggiesdelight:fish_and_chips","veggiesdelight","wood","0"
"veggiesdelight:garlic","veggiesdelight","wood","0"
"veggiesdelight:garlic_baked_cod","veggiesdelight","wood","0"
"veggiesdelight:garlic_bread","veggiesdelight","wood","0"
"veggiesdelight:garlic_chicken_stew","veggiesdelight","wood","0"
"veggiesdelight:garlic_clove","veggiesdelight","wood","0"
"veggiesdelight:garlic_crate","veggiesdelight","wood","0"
"veggiesdelight:garlic_rice_with_cauliflower","veggiesdelight","wood","0"
"veggiesdelight:garlic_stuffed_mushrooms","veggiesdelight","wood","0"
"veggiesdelight:lasagna_pan","veggiesdelight","wood","0"
"veggiesdelight:lasagna_slice","veggiesdelight","wood","0"
"veggiesdelight:mashed_potatoes","veggiesdelight","wood","0"
"veggiesdelight:mature_dandelion","veggiesdelight","wood","0"
"veggiesdelight:mhadjeb","veggiesdelight","wood","0"
"veggiesdelight:pasta_with_broccoli","veggiesdelight","wood","0"
"veggiesdelight:potato_noodle","veggiesdelight","wood","0"
"veggiesdelight:potato_noodles","veggiesdelight","wood","0"
"veggiesdelight:raw_vegetarian_patty","veggiesdelight","wood","0"
"veggiesdelight:rice_and_vegetables","veggiesdelight","wood","0"
"veggiesdelight:roasted_cauliflower_floret","veggiesdelight","wood","0"
"veggiesdelight:roasted_garlic_clove","veggiesdelight","wood","0"
"veggiesdelight:roasted_vegetables","veggiesdelight","wood","0"
"veggiesdelight:roasted_zucchini","veggiesdelight","wood","0"
"veggiesdelight:shakshouka","veggiesdelight","wood","0"
"veggiesdelight:smoked_bellpepper","veggiesdelight","wood","0"
"veggiesdelight:steak_and_broccoli","veggiesdelight","wood","0"
"veggiesdelight:stuffed_bellpepper","veggiesdelight","wood","0"
"veggiesdelight:stuffed_bellpeppers_block","veggiesdelight","wood","0"
"veggiesdelight:stuffed_zucchini_boat","veggiesdelight","wood","0"
"veggiesdelight:stuffed_zucchinis","veggiesdelight","wood","0"
"veggiesdelight:sweet_potato","veggiesdelight","wood","0"
"veggiesdelight:sweet_potato_crate","veggiesdelight","wood","0"
"veggiesdelight:sweet_potato_cupcake","veggiesdelight","wood","0"
"veggiesdelight:sweet_potato_dough","veggiesdelight","wood","0"
"veggiesdelight:sweet_potato_pancakes","veggiesdelight","wood","0"
"veggiesdelight:sweet_potato_pie","veggiesdelight","wood","0"
"veggiesdelight:sweet_potato_pie_slice","veggiesdelight","wood","0"
"veggiesdelight:turnip","veggiesdelight","wood","0"
"veggiesdelight:turnip_beef_stew","veggiesdelight","wood","0"
"veggiesdelight:turnip_cake","veggiesdelight","wood","0"
"veggiesdelight:turnip_crate","veggiesdelight","wood","0"
"veggiesdelight:turnip_mutton_skewer","veggiesdelight","wood","0"
"veggiesdelight:turnip_salad","veggiesdelight","wood","0"
"veggiesdelight:turnip_seeds","veggiesdelight","wood","0"
"veggiesdelight:turnip_water","veggiesdelight","wood","0"
"veggiesdelight:uncooked_mhadjeb","veggiesdelight","wood","0"
"veggiesdelight:vegan_pizza","veggiesdelight","wood","0"
"veggiesdelight:vegan_pizza_slice","veggiesdelight","wood","0"
"veggiesdelight:vegetables_wrap","veggiesdelight","wood","0"
"veggiesdelight:vegetarian_burger","veggiesdelight","wood","0"
"veggiesdelight:wild_bellpeppers","veggiesdelight","wood","0"
"veggiesdelight:wild_broccoli","veggiesdelight","wood","0"
"veggiesdelight:wild_cauliflowers","veggiesdelight","wood","0"
"veggiesdelight:wild_garlic","veggiesdelight","wood","0"
"veggiesdelight:wild_sweet_potatoes","veggiesdelight","wood","0"
"veggiesdelight:wild_turnips","veggiesdelight","wood","0"
"veggiesdelight:wild_zucchinis","veggiesdelight","wood","0"
"veggiesdelight:zucchini","veggiesdelight","wood","0"
"veggiesdelight:zucchini_crate","veggiesdelight","wood","0"
"veggiesdelight:zucchini_quiche","veggiesdelight","wood","0"
"veggiesdelight:zucchini_quiche_slice","veggiesdelight","wood","0"
"veggiesdelight:zucchini_sandwich","veggiesdelight","wood","0"
"veggiesdelight:zucchini_seeds","veggiesdelight","wood","0"
"veggiesdelight:zucchini_slice","veggiesdelight","wood","0"
"whaleborne:anchor","whaleborne","iron","4"
"whaleborne:barnacle","whaleborne","iron","4"
"whaleborne:cannon","whaleborne","iron","4"
"whaleborne:helm","whaleborne","iron","4"
"whaleborne:hullback_spawn_egg","whaleborne","iron","4"
"whaleborne:mast","whaleborne","iron","4"
"whaleborne:music_disc_the_plank","whaleborne","iron","4"
"whaleborne:rough_barnacle","whaleborne","iron","4"
"whaleborne:sail","whaleborne","iron","4"
